qa_id,family,scenario_id,question,valid_from_min,valid_from,valid_to_min,valid_to,answer,must_not_say,sources
QA01,Expliquer une anomalie,S01,Pourquoi OND9_1 est-il en anomalie ?,584,09:44,738,12:18,"OND9_1 s'est arrêté à 09:40 et l'arrêt est détecté à 09:44 par les règles et par le ML, ce qui donne une forte confiance. Sa production est nulle alors que la tension DC reste présente (environ 1086 V) et que le courant DC est nul : le défaut vient de l'onduleur, pas des chaînes. Énergie perdue depuis 09:40 : {lost:S01} kWh. À traiter en priorité : relever le code défaut et tenter un réarmement à distance.",l'heure de redémarrage ; toute cause non mesurée,"anomalies.csv, inverter_minute.csv (status, voltage_dc_v, current_dc_a), scenario_losses_minute.csv"
QA02,Expliquer une anomalie,S01,Pourquoi OND9_1 est-il en anomalie ?,738,12:18,,,OND9_1 s'est arrêté à 09:40 puis a redémarré à 12:05 ; l'anomalie est close à 12:18. Énergie perdue pendant l'arrêt : {lost:S01} kWh. Il reste à identifier la cause racine du déclenchement.,une cause précise du défaut,"anomalies.csv, scenario_losses_minute.csv"
QA03,DC ou AC ?,S02,Le défaut de OND7_9 est-il côté DC ou AC ?,505,08:25,,,"Côté DC. Le courant DC de OND7_9 est environ 20 % sous celui des onduleurs de son poste, à tension DC normale et de façon stable : cela correspond à 5 chaînes sur 24 hors service. La puissance AC baisse en conséquence. Attention : le DC est simulé dans cette démo, sur un site qui ne mesure que l'AC cette cause ne serait pas distinguable d'un déclassement.",le numéro de la chaîne en défaut,"inverter_minute.csv (current_dc_a, voltage_dc_v), events.csv"
QA04,DC ou AC ?,S03,Pourquoi OND8_6 plafonne-t-il ?,649,10:49,,,"OND8_6 est en déclassement thermique : sa puissance AC est plafonnée à environ 146 kW (70 % de sa nominale), alors que ses voisins produisent davantage (à 11:00, 146 kW contre 208 kW). Le courant DC baisse et la tension DC monte : le point de fonctionnement est décalé, ce qui indique une limitation côté onduleur et non un problème de chaînes. Énergie perdue : {lost:S03} kWh.",une panne des modules,"inverter_minute.csv, scenario_losses_minute.csv"
QA05,Panne ou donnée douteuse,S04,OND10_7 est-il en panne ?,599,09:59,,,"Probablement pas : c'est une donnée douteuse. Aucune mesure n'arrive de OND10_7 depuis 09:50, mais le compteur JIRAMA continue d'augmenter normalement et les onduleurs voisins produisent. L'énergie manquante est estimée à partir des voisins. Il faut vérifier la liaison de communication du poste PTR10 avant de parler de panne.",que OND10_7 a cessé de produire,"anomalies.csv (qualité_données), inverter_minute.csv (quality), meters_minute.csv"
QA06,Comprendre la détection,S06,Pourquoi le ML signale OND7_2 et pas les règles ?,571,09:31,,,"À 09:31, OND7_2 produit 2,6 % de moins que le comportement normal appris par le modèle, ce qui dépasse son seuil de 2,5 %. Pour les règles, l'écart avec les onduleurs de son poste n'est que de 2,0 %, loin de leur seuil de 8 % : une dérive lente et régulière passe sous les seuils. Le ML voit ce que les seuils ne voient pas.",le pic de la journée avant son heure,"detection_details.csv, anomalies.csv"
QA07,Comprendre la détection,S06,Pourquoi les règles ne voient-elles toujours rien sur OND7_2 ?,871,14:31,,,"Sur toute la journée, l'écart maximal de OND7_2 avec les onduleurs de son poste est de −6,0 % (à 14:31), toujours sous le seuil de −8 %. Le ML, lui, le signale depuis 09:31.",,detection_details.csv
QA08,Non-anomalie,S07,Pourquoi la production chute-t-elle vers 11:35 ?,690,11:30,,,"Un passage nuageux : l'irradiance passe de 507 W/m² à 11:29 à 344 W/m² à 11:34 et la puissance livrée de 8,7 MW à 5,9 MW. Le PR reste stable et aucun détecteur ne lève d'alerte : une baisse de production expliquée par l'irradiance n'est pas une anomalie.",une panne ou un défaut d'équipement,"plant_minute.csv (irradiance_wm2, power_delivered_mw, pr_cum_pct), detection_details.csv"
QA09,Pertes,,D'où viennent les pertes depuis ce matin ?,0,00:00,,,"À {time}, la production théorique est de {theoretical_mwh} MWh et l'énergie livrée de {delivered_mwh} MWh. Les plus grosses pertes sont : {top3_losses}. L'écart non expliqué est de 0,00 MWh : toutes les pertes sont attribuées.",une perte qui n'est pas dans losses,"ptr_minute.csv (loss_*_kwh), getLossesAt"
QA10,Priorités,,Que dois-je traiter en premier ?,0,00:00,,,Classement des anomalies ouvertes à {time} par énergie perdue depuis leur début : {ranking_open_anomalies}. Les événements externes (limitation réseau) et les non-anomalies (nuage) ne se traitent pas sur site.,des anomalies pas encore détectées,"anomalies.csv, scenario_losses_minute.csv"
QA11,Question sans donnée,S02,Quelle est la cause sur la chaîne 12 de OND7_9 ?,505,08:25,,,"N/A : je n'ai pas de mesure par chaîne, seulement le courant DC de l'onduleur (simulé dans cette démo). Je peux dire que 5 chaînes sur 24 semblent hors service d'après ce courant, mais pas lesquelles ni pourquoi.","le numéro de la chaîne, une cause",inverter_minute.csv (current_dc_a)
QA12,Compteurs,,Pourquoi la somme des onduleurs dépasse-t-elle le compteur JIRAMA ?,370,06:10,,,"L'énergie AC des onduleurs est mesurée avant les transformateurs et la ligne : l'écart d'environ 0,8 % correspond aux pertes « Transformateurs et ligne » du waterfall. NEA et PPC restent dans la tolérance de ±0,5 % par rapport à JIRAMA : aucune dérive de compteur.",une dérive de compteur,"meters_minute.csv, ptr_minute.csv (loss_transformer_kwh)"
QA13,Limitation réseau,S08,Pourquoi PTR6 et PTR7 plafonnent-ils vers midi ?,724,12:04,,,Une consigne de limitation du réseau à 87 % de la puissance nominale est active sur PTR6 et PTR7. Les règles la classent comme événement externe et le ML ne la considère pas comme une anomalie. Ce n'est pas un défaut : l'énergie non produite ({lost:S08} kWh) alimente le Deemed Energy (Grid).,un défaut des onduleurs,"ptr_minute.csv (grid_setpoint_pct), anomalies.csv"
QA14,Maintenance,,Y a-t-il une maintenance en cours ?,0,00:00,794,13:14,Aucune maintenance en cours à cette heure.,OND8_9 ; 13:15 ; toute maintenance future,maintenance_events.csv
QA15,Maintenance,S09,Y a-t-il une maintenance en cours ?,795,13:15,885,14:45,"Oui : OND8_9 est en maintenance préventive de 13:15 à 14:45. Elle est exclue du calcul de disponibilité, et l'énergie non produite ({lost:S09} kWh) est comptée en « Maintenance » dans les pertes.",une panne,"maintenance_events.csv, scenario_losses_minute.csv"
QA16,Maintenance,S09,Y a-t-il une maintenance en cours ?,886,14:46,,,Aucune maintenance en cours. OND8_9 a été en maintenance préventive de 13:15 à 14:45 ; cette période est exclue de la disponibilité.,une panne,maintenance_events.csv
QA17,PR,S01,Pourquoi le PR de PTR9 est-il plus bas ?,584,09:44,,,Le PR de PTR9 est à {pr_ptr:PTR9} % pour {pr_centrale} % sur la centrale. L'écart vient de l'arrêt de OND9_1 depuis 09:40 : cet onduleur ne produit rien et tire le PR de son poste vers le bas.,,"ptr_minute.csv, inverter_minute.csv"
QA18,Capteurs,S05,Le capteur de température module est-il fiable ?,682,11:22,,,"Le capteur B dérive : à 11:22 il lit 2,4 °C de plus que le capteur A, et l'écart augmente. Les indicateurs de la centrale utilisent le capteur A ; la production n'est pas affectée. Il faut recalibrer ou remplacer le capteur B.",que les modules sont plus chauds,"plant_minute.csv (module_temp_c, module_temp_b_c), detection_details.csv"
QA19,Synthèse,,Combien d'anomalies sont actives ?,0,00:00,,,"À {time}, {anomalies_open} anomalie(s) active(s) : {list_open_anomalies}.",des anomalies pas encore détectées,"anomalies.csv, plant_minute.csv (anomalies_open)"
