inverter_id,ptr_id,rank_in_ptr,dc_kwp,ac_kw_nominal,strings_count
OND6_1,PTR6,1,260.0,208.0,24
OND6_2,PTR6,2,260.0,208.0,24
OND6_3,PTR6,3,260.0,208.0,24
OND6_4,PTR6,4,260.0,208.0,24
OND6_5,PTR6,5,260.0,208.0,24
OND6_6,PTR6,6,260.0,208.0,24
OND6_7,PTR6,7,260.0,208.0,24
OND6_8,PTR6,8,260.0,208.0,24
OND6_9,PTR6,9,260.0,208.0,24
OND6_10,PTR6,10,260.0,208.0,24
OND6_11,PTR6,11,260.0,208.0,24
OND6_12,PTR6,12,260.0,208.0,24
OND6_13,PTR6,13,260.0,208.0,24
OND6_14,PTR6,14,260.0,208.0,24
OND6_15,PTR6,15,259.4,207.5,24
OND7_1,PTR7,1,260.0,208.0,24
OND7_2,PTR7,2,260.0,208.0,24
OND7_3,PTR7,3,260.0,208.0,24
OND7_4,PTR7,4,260.0,208.0,24
OND7_5,PTR7,5,260.0,208.0,24
OND7_6,PTR7,6,260.0,208.0,24
OND7_7,PTR7,7,260.0,208.0,24
OND7_8,PTR7,8,260.0,208.0,24
OND7_9,PTR7,9,260.0,208.0,24
OND7_10,PTR7,10,260.0,208.0,24
OND7_11,PTR7,11,260.0,208.0,24
OND7_12,PTR7,12,260.0,208.0,24
OND7_13,PTR7,13,260.0,208.0,24
OND7_14,PTR7,14,260.0,208.0,24
OND7_15,PTR7,15,259.4,207.5,24
OND8_1,PTR8,1,260.0,208.0,24
OND8_2,PTR8,2,260.0,208.0,24
OND8_3,PTR8,3,260.0,208.0,24
OND8_4,PTR8,4,260.0,208.0,24
OND8_5,PTR8,5,260.0,208.0,24
OND8_6,PTR8,6,260.0,208.0,24
OND8_7,PTR8,7,260.0,208.0,24
OND8_8,PTR8,8,260.0,208.0,24
OND8_9,PTR8,9,260.0,208.0,24
OND8_10,PTR8,10,260.0,208.0,24
OND8_11,PTR8,11,260.0,208.0,24
OND8_12,PTR8,12,260.0,208.0,24
OND8_13,PTR8,13,259.0,207.2,24
OND8_14,PTR8,14,259.4,207.5,24
OND8_15,PTR8,15,259.4,207.5,24
OND8_16,PTR8,16,259.4,207.5,24
OND9_1,PTR9,1,260.0,208.0,24
OND9_2,PTR9,2,260.0,208.0,24
OND9_3,PTR9,3,260.0,208.0,24
OND9_4,PTR9,4,260.0,208.0,24
OND9_5,PTR9,5,260.0,208.0,24
OND9_6,PTR9,6,260.0,208.0,24
OND9_7,PTR9,7,260.0,208.0,24
OND9_8,PTR9,8,260.0,208.0,24
OND9_9,PTR9,9,260.0,208.0,24
OND9_10,PTR9,10,260.0,208.0,24
OND9_11,PTR9,11,260.0,208.0,24
OND9_12,PTR9,12,259.4,207.5,24
OND9_13,PTR9,13,259.4,207.5,24
OND9_14,PTR9,14,259.4,207.5,24
OND9_15,PTR9,15,259.4,207.5,24
OND10_1,PTR10,1,260.0,208.0,24
OND10_2,PTR10,2,260.0,208.0,24
OND10_3,PTR10,3,260.0,208.0,24
OND10_4,PTR10,4,260.0,208.0,24
OND10_5,PTR10,5,260.0,208.0,24
OND10_6,PTR10,6,260.0,208.0,24
OND10_7,PTR10,7,260.0,208.0,24
OND10_8,PTR10,8,260.0,208.0,24
OND10_9,PTR10,9,260.0,208.0,24
OND10_10,PTR10,10,260.0,208.0,24
OND10_11,PTR10,11,259.4,207.5,24
OND10_12,PTR10,12,259.4,207.5,24
OND10_13,PTR10,13,259.4,207.5,24
OND10_14,PTR10,14,259.4,207.5,24
OND10_15,PTR10,15,259.4,207.5,24
OND10_16,PTR10,16,259.4,207.5,24
