date,heure,jirama_index_mwh,nea_index_mwh,ppc_index_mwh,jirama_energie_mwh,nea_energie_mwh,ppc_energie_mwh,onduleurs_ac_energie_mwh,ecart_nea_jirama_mwh,ecart_ppc_jirama_mwh,ecart_nea_jirama_pct,ecart_ppc_jirama_pct
2026-04-01,06h00,38412.5,231149.29,48837.96,,,,,,,,
2026-04-02,06h00,38534.699,231271.586,48959.859,122.199,122.296,121.899,123.189,0.097,-0.3,0.079,-0.246
2026-04-03,06h00,38637.959,231374.862,49062.817,103.26,103.276,102.958,104.095,0.016,-0.302,0.015,-0.292
2026-04-04,06h00,38706.804,231443.774,49131.482,68.845,68.912,68.665,69.4,0.067,-0.18,0.097,-0.261
2026-04-05,06h00,38821.667,231558.619,49246.083,114.863,114.846,114.601,115.791,-0.017,-0.262,-0.015,-0.228
2026-04-06,06h00,38903.155,231640.154,49327.352,81.488,81.535,81.269,82.145,0.047,-0.219,0.058,-0.269
2026-04-07,06h00,39023.223,231760.262,49447.141,120.068,120.108,119.789,121.04,0.04,-0.279,0.033,-0.232
2026-04-08,06h00,39087.885,231824.91,49511.606,64.662,64.648,64.465,65.182,-0.014,-0.197,-0.022,-0.305
2026-04-09,06h00,39202.351,231939.433,49625.785,114.466,114.523,114.179,115.391,0.057,-0.287,0.05,-0.251
2026-04-10,06h00,39276.294,232013.384,49699.557,73.943,73.951,73.773,74.539,0.008,-0.17,0.011,-0.23
2026-04-11,06h00,39394.737,232131.84,49817.678,118.443,118.456,118.12,119.401,0.013,-0.323,0.011,-0.273
2026-04-12,06h00,39463.504,232200.677,49886.28,68.767,68.837,68.603,69.321,0.07,-0.164,0.102,-0.238
2026-04-13,06h00,39570.058,232307.314,49992.548,106.554,106.636,106.267,107.414,0.082,-0.287,0.077,-0.269
2026-04-14,06h00,39686.606,232423.884,50108.827,116.548,116.57,116.28,117.491,0.022,-0.268,0.019,-0.23
2026-04-15,06h00,39801.996,232539.433,50223.984,115.389,115.549,115.157,116.323,0.16,-0.232,0.139,-0.201
2026-04-16,06h00,39866.753,232604.257,50288.578,64.758,64.825,64.594,65.28,0.067,-0.164,0.103,-0.253
2026-04-17,06h00,39975.819,232713.373,50397.397,109.066,109.116,108.818,109.947,0.05,-0.248,0.046,-0.227
2026-04-18,06h00,40066.271,232803.899,50487.585,90.452,90.526,90.188,91.182,0.074,-0.264,0.082,-0.292
2026-04-19,06h00,40134.433,232872.107,50555.551,68.161,68.209,67.965,68.71,0.048,-0.196,0.07,-0.288
2026-04-20,06h00,40240.516,232978.331,50661.414,106.083,106.224,105.863,106.938,0.141,-0.22,0.133,-0.207
2026-04-21,06h00,40297.195,233035.037,50717.909,56.679,56.706,56.495,57.137,0.027,-0.184,0.048,-0.325
2026-04-22,06h00,40373.528,233111.434,50794.048,76.333,76.397,76.139,76.948,0.064,-0.194,0.084,-0.254
2026-04-23,06h00,40481.437,233219.395,50901.73,107.91,107.961,107.682,108.781,0.051,-0.228,0.047,-0.211
2026-04-24,06h00,40547.296,233285.242,50967.425,65.859,65.847,65.695,66.391,-0.012,-0.164,-0.018,-0.249
2026-04-25,06h00,40640.767,233378.78,51060.746,93.47,93.539,93.322,94.224,0.069,-0.148,0.074,-0.158
2026-04-26,06h00,40727.683,233465.822,51147.465,86.916,87.042,86.718,87.616,0.126,-0.198,0.145,-0.228
2026-04-27,06h00,40834.524,233572.788,51254.05,106.841,106.966,106.585,107.703,0.125,-0.256,0.117,-0.24
2026-04-28,06h00,40941.258,233679.611,51360.568,106.734,106.823,106.518,107.594,0.089,-0.216,0.083,-0.202
2026-04-29,06h00,41018.244,233756.63,51437.419,76.986,77.019,76.851,77.607,0.033,-0.135,0.043,-0.175
2026-04-30,06h00,41117.66,233856.124,51536.633,99.416,99.494,99.214,100.217,0.078,-0.202,0.078,-0.203
