date,irradiation_kwh_m2,theoretical_mwh,loss_temperature_mwh,loss_soiling_mwh,loss_wiring_mwh,loss_dc_fault_mwh,loss_drift_mwh,loss_inverter_mwh,loss_clipping_mwh,loss_derating_mwh,loss_grid_mwh,loss_outage_mwh,loss_maintenance_mwh,loss_transformer_mwh,delivered_mwh,pr_pct,specific_yield_kwh_kwp,availability_pct,events
2026-04-01,7.419,148.447,11.124,5.975,3.217,0.0,0.0,1.936,3.006,0.0,0.0,0.0,0.0,0.99,122.199,82.32,6.107,100.0,
2026-04-02,6.166,123.378,7.973,5.439,2.829,0.0,0.0,1.629,1.412,0.0,0.0,0.0,0.0,0.836,103.26,83.69,5.16,100.0,
2026-04-03,3.912,78.285,2.661,3.016,2.12,0.0,0.0,1.087,0.0,0.0,0.0,0.0,0.0,0.555,68.845,87.94,3.441,100.0,
2026-04-04,6.814,136.344,9.185,5.533,3.022,0.0,0.0,1.795,1.018,0.0,0.0,0.0,0.0,0.928,114.863,84.24,5.74,100.0,
2026-04-05,4.75,95.043,4.129,4.286,2.389,0.0,0.0,1.288,0.0,0.0,0.0,0.807,0.0,0.656,81.488,85.74,4.072,99.3,Arrêt OND6_4 (08:00-14:00)
2026-04-06,7.299,146.046,10.564,6.878,3.156,0.0,0.0,1.896,2.511,0.0,0.0,0.0,0.0,0.972,120.068,82.21,6.0,100.0,
2026-04-07,3.704,74.124,1.921,3.927,2.072,0.0,0.0,1.023,0.0,0.0,0.0,0.0,0.0,0.52,64.662,87.23,3.231,100.0,
2026-04-08,7.142,142.918,10.619,7.675,3.071,0.0,0.0,1.838,1.195,0.0,3.129,0.0,0.0,0.924,114.466,80.09,5.72,100.0,Limitation réseau PTR8-PTR9 (11:00-13:30)
2026-04-09,4.243,84.907,3.791,3.235,2.176,0.0,0.0,1.166,0.0,0.0,0.0,0.0,0.0,0.596,73.943,87.09,3.695,100.0,
2026-04-10,7.085,141.77,9.621,5.75,3.123,0.0,0.0,1.864,2.011,0.0,0.0,0.0,0.0,0.959,118.443,83.55,5.919,100.0,
2026-04-11,3.922,78.488,2.373,3.587,2.127,0.0,0.0,1.08,0.0,0.0,0.0,0.0,0.0,0.554,68.767,87.61,3.437,100.0,
2026-04-12,6.302,126.101,7.951,5.997,2.851,0.237,0.0,1.651,0.0,0.0,0.0,0.0,0.0,0.86,106.554,84.5,5.325,100.0,Défaut DC OND10_9 (4 chaînes)
2026-04-13,7.015,140.367,9.811,7.101,3.053,0.0,0.0,1.821,1.091,0.0,0.0,0.0,0.0,0.943,116.548,83.03,5.825,100.0,
2026-04-14,6.942,138.901,9.468,7.509,3.02,0.0,0.0,1.798,0.782,0.0,0.0,0.0,0.0,0.933,115.389,83.07,5.767,100.0,
2026-04-15,3.629,72.612,1.378,2.841,2.096,0.0,0.0,1.018,0.0,0.0,0.0,0.0,0.0,0.522,64.758,89.18,3.236,100.0,
2026-04-16,6.447,129.005,9.047,5.219,2.882,0.0,0.0,1.698,0.212,0.0,0.0,0.0,0.0,0.881,109.066,84.54,5.451,100.0,
2026-04-17,5.307,106.203,4.711,4.785,2.591,0.0,0.0,1.429,0.0,0.0,0.0,1.506,0.0,0.73,90.452,85.17,4.52,98.72,Arrêt OND8_12 et OND8_13 (10:10-15:40)
2026-04-18,3.907,78.174,2.46,3.844,2.084,0.0,0.0,1.076,0.0,0.0,0.0,0.0,0.0,0.548,68.161,87.19,3.406,100.0,
2026-04-19,6.288,125.831,7.97,6.411,2.834,0.0,0.0,1.646,0.032,0.0,0.0,0.0,0.0,0.855,106.083,84.31,5.302,100.0,
2026-04-20,3.206,64.162,1.799,2.488,1.83,0.0,0.0,0.907,0.0,0.0,0.0,0.0,0.0,0.458,56.679,88.34,2.833,100.0,
2026-04-21,4.393,87.913,3.88,3.656,2.225,0.0,0.0,1.203,0.0,0.0,0.0,0.0,0.0,0.616,76.333,86.83,3.815,100.0,
2026-04-22,6.485,129.773,8.532,5.715,2.907,0.282,0.066,1.699,0.26,0.165,0.666,0.446,0.253,0.871,107.91,83.15,5.393,99.72,Journée démo : voir scenarios.csv
2026-04-23,3.793,75.904,2.69,3.717,2.066,0.0,0.0,1.04,0.0,0.0,0.0,0.0,0.0,0.532,65.859,86.77,3.291,100.0,
2026-04-24,5.513,110.323,6.422,5.651,2.571,0.0,0.0,1.454,0.0,0.0,0.0,0.0,0.0,0.754,93.47,84.72,4.671,100.0,
2026-04-25,5.091,101.868,4.732,5.635,2.408,0.0,0.0,1.356,0.0,0.121,0.0,0.0,0.0,0.7,86.916,85.32,4.344,100.0,Déclassement thermique OND9_3
2026-04-26,6.496,129.987,10.45,7.369,2.809,0.0,0.0,1.656,0.0,0.0,0.0,0.0,0.0,0.862,106.841,82.19,5.339,100.0,
2026-04-27,6.429,128.645,8.754,7.825,2.817,0.0,0.0,1.654,0.001,0.0,0.0,0.0,0.0,0.861,106.734,82.97,5.334,100.0,
2026-04-28,4.747,94.989,3.363,6.313,2.357,0.0,0.0,1.264,0.0,0.0,0.0,0.0,4.085,0.621,76.986,81.05,3.847,100.0,Maintenance planifiée PTR7 (09:00-11:00)
2026-04-29,6.002,120.091,7.495,8.165,2.669,0.0,0.0,1.544,0.0,0.0,0.0,0.0,0.0,0.802,99.416,82.78,4.968,100.0,
2026-04-30,5.162,103.294,5.478,7.448,2.413,0.0,0.0,1.339,0.0,0.0,0.0,0.0,0.0,0.693,85.923,83.18,4.294,100.0,
