scenario_id,name,kind,scope,start,end,rules_expected,ml_expected,rules_detected_at,ml_detected_at,energy_lost_kwh,visible_in_ui_from,demo_message,assistant_note
S01,Arrêt onduleur,panne,OND9_1,09:40,12:05,détecte,confirme,09:44,09:44,445.689,09:44,Accord des deux détecteurs = forte confiance.,"Production nulle, tension DC présente, courant DC nul : le défaut est dans l'onduleur."
S02,Défaut DC (chaînes),panne,OND7_9,08:20,23:59,détecte,confirme,08:26,08:25,281.967,08:26,Cause localisée côté DC.,5 chaînes sur 24 hors service ; courant DC bas à tension normale ; le DC est simulé dans la démo.
S03,Déclassement thermique,panne,OND8_6,10:45,15:15,détecte,confirme,10:50,10:49,165.201,10:50,"Même symptôme que S02 vu côté AC seul, mais cause différente grâce au DC.",Puissance plafonnée à 70 % : le courant DC baisse et la tension DC monte (point de fonctionnement décalé).
S04,Donnée douteuse,qualité,OND10_7,09:50,10:50,alerte qualité,pas d'anomalie,09:59,,0.0,09:59,Panne ou donnée douteuse ? Le compteur 63 kV continue d'augmenter.,Ne pas parler de panne : seule la mesure manque.
S05,Dérive capteur de température,dérive capteur,Capteur module B,07:00,17:00,détecte tardivement,détecte plus tôt,13:00,11:22,0.0,13:00,"Le capteur dérive, pas les modules.",Dérive de 0 à +6 °C ; la production n'est pas affectée.
S06,Dérive lente,panne,OND7_2,06:00,14:00,ne voit rien,signale,,09:31,66.443,09:31,Le ML voit ce que les seuils ne voient pas.,"Perte progressive jusqu'à 6,5 % ; sous le seuil de 8 % des règles. Visible par le ML dès la matinée, avant que l'écrêtage ne masque une partie de l'écart autour de midi."
S07,Passage nuageux,non-anomalie,Toute la centrale,11:30,11:45,pas d'alerte,pas d'alerte,,,0.0,11:30,Une baisse n'est pas une anomalie.,L'irradiance explique la baisse de production ; le PR instantané reste stable.
S08,Limitation réseau,externe,"PTR6, PTR7",12:00,13:00,classé externe,pas d'anomalie,12:04,,665.846,12:04,Alimente Deemed Energy (Grid).,Consigne externe à 87 % de la puissance nominale.
S09,Maintenance planifiée,maintenance,OND8_9,13:15,14:45,exclu,exclu,,,253.141,13:15,Exclue de la disponibilité ; ne pas la citer avant 13:15.,Intervention prévue ; l'énergie non produite est comptée en maintenance.
