string_id,inverter_id,ptr_id,string_no,mppt_no,kwp_string,weight
OND6_1_S01,OND6_1,PTR6,1,1,10.833,1.0001
OND6_1_S02,OND6_1,PTR6,2,1,10.833,1.0258
OND6_1_S03,OND6_1,PTR6,3,2,10.833,0.9759
OND6_1_S04,OND6_1,PTR6,4,2,10.833,1.0174
OND6_1_S05,OND6_1,PTR6,5,3,10.833,1.0063
OND6_1_S06,OND6_1,PTR6,6,3,10.833,1.0011
OND6_1_S07,OND6_1,PTR6,7,4,10.833,0.9708
OND6_1_S08,OND6_1,PTR6,8,4,10.833,0.9879
OND6_1_S09,OND6_1,PTR6,9,5,10.833,0.9684
OND6_1_S10,OND6_1,PTR6,10,5,10.833,1.0067
OND6_1_S11,OND6_1,PTR6,11,6,10.833,0.9947
OND6_1_S12,OND6_1,PTR6,12,6,10.833,0.9786
OND6_1_S13,OND6_1,PTR6,13,7,10.833,0.9812
OND6_1_S14,OND6_1,PTR6,14,7,10.833,1.0235
OND6_1_S15,OND6_1,PTR6,15,8,10.833,1.0084
OND6_1_S16,OND6_1,PTR6,16,8,10.833,0.9844
OND6_1_S17,OND6_1,PTR6,17,9,10.833,1.0008
OND6_1_S18,OND6_1,PTR6,18,9,10.833,0.9964
OND6_1_S19,OND6_1,PTR6,19,10,10.833,1.033
OND6_1_S20,OND6_1,PTR6,20,10,10.833,0.9762
OND6_1_S21,OND6_1,PTR6,21,11,10.833,1.0069
OND6_1_S22,OND6_1,PTR6,22,11,10.833,1.0193
OND6_1_S23,OND6_1,PTR6,23,12,10.833,0.9979
OND6_1_S24,OND6_1,PTR6,24,12,10.833,0.9944
OND6_2_S01,OND6_2,PTR6,1,1,10.833,0.9732
OND6_2_S02,OND6_2,PTR6,2,1,10.833,1.0077
OND6_2_S03,OND6_2,PTR6,3,2,10.833,0.9926
OND6_2_S04,OND6_2,PTR6,4,2,10.833,0.9849
OND6_2_S05,OND6_2,PTR6,5,3,10.833,0.9916
OND6_2_S06,OND6_2,PTR6,6,3,10.833,0.961
OND6_2_S07,OND6_2,PTR6,7,4,10.833,0.9851
OND6_2_S08,OND6_2,PTR6,8,4,10.833,1.0021
OND6_2_S09,OND6_2,PTR6,9,5,10.833,1.0123
OND6_2_S10,OND6_2,PTR6,10,5,10.833,0.9888
OND6_2_S11,OND6_2,PTR6,11,6,10.833,0.9941
OND6_2_S12,OND6_2,PTR6,12,6,10.833,0.9974
OND6_2_S13,OND6_2,PTR6,13,7,10.833,1.0002
OND6_2_S14,OND6_2,PTR6,14,7,10.833,0.9977
OND6_2_S15,OND6_2,PTR6,15,8,10.833,0.9871
OND6_2_S16,OND6_2,PTR6,16,8,10.833,1.0042
OND6_2_S17,OND6_2,PTR6,17,9,10.833,1.0232
OND6_2_S18,OND6_2,PTR6,18,9,10.833,1.0109
OND6_2_S19,OND6_2,PTR6,19,10,10.833,0.96
OND6_2_S20,OND6_2,PTR6,20,10,10.833,0.9984
OND6_2_S21,OND6_2,PTR6,21,11,10.833,1.0099
OND6_2_S22,OND6_2,PTR6,22,11,10.833,1.0164
OND6_2_S23,OND6_2,PTR6,23,12,10.833,0.9846
OND6_2_S24,OND6_2,PTR6,24,12,10.833,0.9914
OND6_3_S01,OND6_3,PTR6,1,1,10.833,0.9998
OND6_3_S02,OND6_3,PTR6,2,1,10.833,1.0039
OND6_3_S03,OND6_3,PTR6,3,2,10.833,1.001
OND6_3_S04,OND6_3,PTR6,4,2,10.833,0.9735
OND6_3_S05,OND6_3,PTR6,5,3,10.833,1.0022
OND6_3_S06,OND6_3,PTR6,6,3,10.833,1.0027
OND6_3_S07,OND6_3,PTR6,7,4,10.833,1.0152
OND6_3_S08,OND6_3,PTR6,8,4,10.833,1.0108
OND6_3_S09,OND6_3,PTR6,9,5,10.833,1.005
OND6_3_S10,OND6_3,PTR6,10,5,10.833,0.999
OND6_3_S11,OND6_3,PTR6,11,6,10.833,1.0003
OND6_3_S12,OND6_3,PTR6,12,6,10.833,1.0051
OND6_3_S13,OND6_3,PTR6,13,7,10.833,0.9875
OND6_3_S14,OND6_3,PTR6,14,7,10.833,0.9971
OND6_3_S15,OND6_3,PTR6,15,8,10.833,1.004
OND6_3_S16,OND6_3,PTR6,16,8,10.833,0.9909
OND6_3_S17,OND6_3,PTR6,17,9,10.833,1.004
OND6_3_S18,OND6_3,PTR6,18,9,10.833,0.9974
OND6_3_S19,OND6_3,PTR6,19,10,10.833,1.0257
OND6_3_S20,OND6_3,PTR6,20,10,10.833,1.0112
OND6_3_S21,OND6_3,PTR6,21,11,10.833,0.9872
OND6_3_S22,OND6_3,PTR6,22,11,10.833,1.0023
OND6_3_S23,OND6_3,PTR6,23,12,10.833,0.9653
OND6_3_S24,OND6_3,PTR6,24,12,10.833,1.0032
OND6_4_S01,OND6_4,PTR6,1,1,10.833,0.9862
OND6_4_S02,OND6_4,PTR6,2,1,10.833,0.966
OND6_4_S03,OND6_4,PTR6,3,2,10.833,1.0137
OND6_4_S04,OND6_4,PTR6,4,2,10.833,1.0118
OND6_4_S05,OND6_4,PTR6,5,3,10.833,1.018
OND6_4_S06,OND6_4,PTR6,6,3,10.833,1.0037
OND6_4_S07,OND6_4,PTR6,7,4,10.833,1.0117
OND6_4_S08,OND6_4,PTR6,8,4,10.833,0.9843
OND6_4_S09,OND6_4,PTR6,9,5,10.833,1.0187
OND6_4_S10,OND6_4,PTR6,10,5,10.833,0.9818
OND6_4_S11,OND6_4,PTR6,11,6,10.833,0.9812
OND6_4_S12,OND6_4,PTR6,12,6,10.833,1.0119
OND6_4_S13,OND6_4,PTR6,13,7,10.833,1.0162
OND6_4_S14,OND6_4,PTR6,14,7,10.833,1.0103
OND6_4_S15,OND6_4,PTR6,15,8,10.833,0.9921
OND6_4_S16,OND6_4,PTR6,16,8,10.833,1.0015
OND6_4_S17,OND6_4,PTR6,17,9,10.833,0.9948
OND6_4_S18,OND6_4,PTR6,18,9,10.833,1.0057
OND6_4_S19,OND6_4,PTR6,19,10,10.833,0.9737
OND6_4_S20,OND6_4,PTR6,20,10,10.833,0.9876
OND6_4_S21,OND6_4,PTR6,21,11,10.833,1.04
OND6_4_S22,OND6_4,PTR6,22,11,10.833,1.0059
OND6_4_S23,OND6_4,PTR6,23,12,10.833,0.9927
OND6_4_S24,OND6_4,PTR6,24,12,10.833,1.0006
OND6_5_S01,OND6_5,PTR6,1,1,10.833,1.0017
OND6_5_S02,OND6_5,PTR6,2,1,10.833,1.0
OND6_5_S03,OND6_5,PTR6,3,2,10.833,0.9885
OND6_5_S04,OND6_5,PTR6,4,2,10.833,0.9794
OND6_5_S05,OND6_5,PTR6,5,3,10.833,0.9949
OND6_5_S06,OND6_5,PTR6,6,3,10.833,0.9911
OND6_5_S07,OND6_5,PTR6,7,4,10.833,0.9964
OND6_5_S08,OND6_5,PTR6,8,4,10.833,0.9939
OND6_5_S09,OND6_5,PTR6,9,5,10.833,0.9912
OND6_5_S10,OND6_5,PTR6,10,5,10.833,1.017
OND6_5_S11,OND6_5,PTR6,11,6,10.833,1.0136
OND6_5_S12,OND6_5,PTR6,12,6,10.833,1.0213
OND6_5_S13,OND6_5,PTR6,13,7,10.833,1.0023
OND6_5_S14,OND6_5,PTR6,14,7,10.833,1.001
OND6_5_S15,OND6_5,PTR6,15,8,10.833,0.9959
OND6_5_S16,OND6_5,PTR6,16,8,10.833,1.0193
OND6_5_S17,OND6_5,PTR6,17,9,10.833,0.9899
OND6_5_S18,OND6_5,PTR6,18,9,10.833,0.9847
OND6_5_S19,OND6_5,PTR6,19,10,10.833,1.0009
OND6_5_S20,OND6_5,PTR6,20,10,10.833,1.0105
OND6_5_S21,OND6_5,PTR6,21,11,10.833,0.9623
OND6_5_S22,OND6_5,PTR6,22,11,10.833,1.0326
OND6_5_S23,OND6_5,PTR6,23,12,10.833,0.9807
OND6_5_S24,OND6_5,PTR6,24,12,10.833,1.0055
OND6_6_S01,OND6_6,PTR6,1,1,10.833,0.9768
OND6_6_S02,OND6_6,PTR6,2,1,10.833,1.0095
OND6_6_S03,OND6_6,PTR6,3,2,10.833,0.9726
OND6_6_S04,OND6_6,PTR6,4,2,10.833,0.9768
OND6_6_S05,OND6_6,PTR6,5,3,10.833,1.0362
OND6_6_S06,OND6_6,PTR6,6,3,10.833,1.0166
OND6_6_S07,OND6_6,PTR6,7,4,10.833,1.0066
OND6_6_S08,OND6_6,PTR6,8,4,10.833,0.9763
OND6_6_S09,OND6_6,PTR6,9,5,10.833,0.9901
OND6_6_S10,OND6_6,PTR6,10,5,10.833,1.0051
OND6_6_S11,OND6_6,PTR6,11,6,10.833,1.0063
OND6_6_S12,OND6_6,PTR6,12,6,10.833,0.9851
OND6_6_S13,OND6_6,PTR6,13,7,10.833,1.0031
OND6_6_S14,OND6_6,PTR6,14,7,10.833,0.9969
OND6_6_S15,OND6_6,PTR6,15,8,10.833,1.0035
OND6_6_S16,OND6_6,PTR6,16,8,10.833,0.9882
OND6_6_S17,OND6_6,PTR6,17,9,10.833,0.9819
OND6_6_S18,OND6_6,PTR6,18,9,10.833,0.9927
OND6_6_S19,OND6_6,PTR6,19,10,10.833,0.9986
OND6_6_S20,OND6_6,PTR6,20,10,10.833,1.0113
OND6_6_S21,OND6_6,PTR6,21,11,10.833,0.9875
OND6_6_S22,OND6_6,PTR6,22,11,10.833,1.0191
OND6_6_S23,OND6_6,PTR6,23,12,10.833,0.999
OND6_6_S24,OND6_6,PTR6,24,12,10.833,0.9872
OND6_7_S01,OND6_7,PTR6,1,1,10.833,1.0081
OND6_7_S02,OND6_7,PTR6,2,1,10.833,0.9919
OND6_7_S03,OND6_7,PTR6,3,2,10.833,0.999
OND6_7_S04,OND6_7,PTR6,4,2,10.833,1.0049
OND6_7_S05,OND6_7,PTR6,5,3,10.833,0.9859
OND6_7_S06,OND6_7,PTR6,6,3,10.833,1.0069
OND6_7_S07,OND6_7,PTR6,7,4,10.833,0.9881
OND6_7_S08,OND6_7,PTR6,8,4,10.833,0.9956
OND6_7_S09,OND6_7,PTR6,9,5,10.833,0.9849
OND6_7_S10,OND6_7,PTR6,10,5,10.833,1.0227
OND6_7_S11,OND6_7,PTR6,11,6,10.833,1.0186
OND6_7_S12,OND6_7,PTR6,12,6,10.833,0.9853
OND6_7_S13,OND6_7,PTR6,13,7,10.833,0.9869
OND6_7_S14,OND6_7,PTR6,14,7,10.833,1.0106
OND6_7_S15,OND6_7,PTR6,15,8,10.833,1.0028
OND6_7_S16,OND6_7,PTR6,16,8,10.833,0.9841
OND6_7_S17,OND6_7,PTR6,17,9,10.833,1.0025
OND6_7_S18,OND6_7,PTR6,18,9,10.833,0.9997
OND6_7_S19,OND6_7,PTR6,19,10,10.833,0.9774
OND6_7_S20,OND6_7,PTR6,20,10,10.833,1.0203
OND6_7_S21,OND6_7,PTR6,21,11,10.833,0.9892
OND6_7_S22,OND6_7,PTR6,22,11,10.833,0.9913
OND6_7_S23,OND6_7,PTR6,23,12,10.833,1.0077
OND6_7_S24,OND6_7,PTR6,24,12,10.833,1.0044
OND6_8_S01,OND6_8,PTR6,1,1,10.833,1.0093
OND6_8_S02,OND6_8,PTR6,2,1,10.833,1.0073
OND6_8_S03,OND6_8,PTR6,3,2,10.833,0.9944
OND6_8_S04,OND6_8,PTR6,4,2,10.833,0.991
OND6_8_S05,OND6_8,PTR6,5,3,10.833,1.0144
OND6_8_S06,OND6_8,PTR6,6,3,10.833,0.9878
OND6_8_S07,OND6_8,PTR6,7,4,10.833,0.9907
OND6_8_S08,OND6_8,PTR6,8,4,10.833,0.9907
OND6_8_S09,OND6_8,PTR6,9,5,10.833,1.0161
OND6_8_S10,OND6_8,PTR6,10,5,10.833,1.0195
OND6_8_S11,OND6_8,PTR6,11,6,10.833,0.9822
OND6_8_S12,OND6_8,PTR6,12,6,10.833,0.9856
OND6_8_S13,OND6_8,PTR6,13,7,10.833,0.9901
OND6_8_S14,OND6_8,PTR6,14,7,10.833,1.0132
OND6_8_S15,OND6_8,PTR6,15,8,10.833,1.0039
OND6_8_S16,OND6_8,PTR6,16,8,10.833,1.0013
OND6_8_S17,OND6_8,PTR6,17,9,10.833,1.0152
OND6_8_S18,OND6_8,PTR6,18,9,10.833,0.9865
OND6_8_S19,OND6_8,PTR6,19,10,10.833,1.0067
OND6_8_S20,OND6_8,PTR6,20,10,10.833,1.0101
OND6_8_S21,OND6_8,PTR6,21,11,10.833,0.9851
OND6_8_S22,OND6_8,PTR6,22,11,10.833,1.0084
OND6_8_S23,OND6_8,PTR6,23,12,10.833,1.0155
OND6_8_S24,OND6_8,PTR6,24,12,10.833,1.007
OND6_9_S01,OND6_9,PTR6,1,1,10.833,1.0058
OND6_9_S02,OND6_9,PTR6,2,1,10.833,1.0075
OND6_9_S03,OND6_9,PTR6,3,2,10.833,1.0063
OND6_9_S04,OND6_9,PTR6,4,2,10.833,1.0072
OND6_9_S05,OND6_9,PTR6,5,3,10.833,1.01
OND6_9_S06,OND6_9,PTR6,6,3,10.833,0.986
OND6_9_S07,OND6_9,PTR6,7,4,10.833,1.0056
OND6_9_S08,OND6_9,PTR6,8,4,10.833,1.017
OND6_9_S09,OND6_9,PTR6,9,5,10.833,1.007
OND6_9_S10,OND6_9,PTR6,10,5,10.833,1.0266
OND6_9_S11,OND6_9,PTR6,11,6,10.833,0.9945
OND6_9_S12,OND6_9,PTR6,12,6,10.833,1.0042
OND6_9_S13,OND6_9,PTR6,13,7,10.833,1.0034
OND6_9_S14,OND6_9,PTR6,14,7,10.833,1.0028
OND6_9_S15,OND6_9,PTR6,15,8,10.833,1.0257
OND6_9_S16,OND6_9,PTR6,16,8,10.833,1.0275
OND6_9_S17,OND6_9,PTR6,17,9,10.833,1.016
OND6_9_S18,OND6_9,PTR6,18,9,10.833,0.9914
OND6_9_S19,OND6_9,PTR6,19,10,10.833,1.0141
OND6_9_S20,OND6_9,PTR6,20,10,10.833,1.0045
OND6_9_S21,OND6_9,PTR6,21,11,10.833,0.9779
OND6_9_S22,OND6_9,PTR6,22,11,10.833,0.9897
OND6_9_S23,OND6_9,PTR6,23,12,10.833,0.9874
OND6_9_S24,OND6_9,PTR6,24,12,10.833,0.9996
OND6_10_S01,OND6_10,PTR6,1,1,10.833,1.0003
OND6_10_S02,OND6_10,PTR6,2,1,10.833,0.9812
OND6_10_S03,OND6_10,PTR6,3,2,10.833,0.9808
OND6_10_S04,OND6_10,PTR6,4,2,10.833,1.0129
OND6_10_S05,OND6_10,PTR6,5,3,10.833,0.9975
OND6_10_S06,OND6_10,PTR6,6,3,10.833,0.9975
OND6_10_S07,OND6_10,PTR6,7,4,10.833,1.0088
OND6_10_S08,OND6_10,PTR6,8,4,10.833,0.9908
OND6_10_S09,OND6_10,PTR6,9,5,10.833,1.0142
OND6_10_S10,OND6_10,PTR6,10,5,10.833,0.9874
OND6_10_S11,OND6_10,PTR6,11,6,10.833,1.0159
OND6_10_S12,OND6_10,PTR6,12,6,10.833,1.0227
OND6_10_S13,OND6_10,PTR6,13,7,10.833,0.987
OND6_10_S14,OND6_10,PTR6,14,7,10.833,0.9964
OND6_10_S15,OND6_10,PTR6,15,8,10.833,0.9866
OND6_10_S16,OND6_10,PTR6,16,8,10.833,0.9847
OND6_10_S17,OND6_10,PTR6,17,9,10.833,0.9924
OND6_10_S18,OND6_10,PTR6,18,9,10.833,0.9899
OND6_10_S19,OND6_10,PTR6,19,10,10.833,0.9702
OND6_10_S20,OND6_10,PTR6,20,10,10.833,1.0072
OND6_10_S21,OND6_10,PTR6,21,11,10.833,1.0216
OND6_10_S22,OND6_10,PTR6,22,11,10.833,0.9686
OND6_10_S23,OND6_10,PTR6,23,12,10.833,0.9994
OND6_10_S24,OND6_10,PTR6,24,12,10.833,1.014
OND6_11_S01,OND6_11,PTR6,1,1,10.833,0.9881
OND6_11_S02,OND6_11,PTR6,2,1,10.833,0.9739
OND6_11_S03,OND6_11,PTR6,3,2,10.833,0.9946
OND6_11_S04,OND6_11,PTR6,4,2,10.833,0.9872
OND6_11_S05,OND6_11,PTR6,5,3,10.833,1.0256
OND6_11_S06,OND6_11,PTR6,6,3,10.833,0.9916
OND6_11_S07,OND6_11,PTR6,7,4,10.833,1.0084
OND6_11_S08,OND6_11,PTR6,8,4,10.833,1.0112
OND6_11_S09,OND6_11,PTR6,9,5,10.833,1.0025
OND6_11_S10,OND6_11,PTR6,10,5,10.833,0.9804
OND6_11_S11,OND6_11,PTR6,11,6,10.833,0.9964
OND6_11_S12,OND6_11,PTR6,12,6,10.833,1.0222
OND6_11_S13,OND6_11,PTR6,13,7,10.833,1.0096
OND6_11_S14,OND6_11,PTR6,14,7,10.833,0.9857
OND6_11_S15,OND6_11,PTR6,15,8,10.833,1.0014
OND6_11_S16,OND6_11,PTR6,16,8,10.833,1.0132
OND6_11_S17,OND6_11,PTR6,17,9,10.833,1.0295
OND6_11_S18,OND6_11,PTR6,18,9,10.833,1.0201
OND6_11_S19,OND6_11,PTR6,19,10,10.833,0.9994
OND6_11_S20,OND6_11,PTR6,20,10,10.833,1.0092
OND6_11_S21,OND6_11,PTR6,21,11,10.833,0.9774
OND6_11_S22,OND6_11,PTR6,22,11,10.833,1.0075
OND6_11_S23,OND6_11,PTR6,23,12,10.833,1.0053
OND6_11_S24,OND6_11,PTR6,24,12,10.833,0.9919
OND6_12_S01,OND6_12,PTR6,1,1,10.833,0.9808
OND6_12_S02,OND6_12,PTR6,2,1,10.833,1.0021
OND6_12_S03,OND6_12,PTR6,3,2,10.833,0.9977
OND6_12_S04,OND6_12,PTR6,4,2,10.833,0.9943
OND6_12_S05,OND6_12,PTR6,5,3,10.833,0.9867
OND6_12_S06,OND6_12,PTR6,6,3,10.833,0.9722
OND6_12_S07,OND6_12,PTR6,7,4,10.833,0.9935
OND6_12_S08,OND6_12,PTR6,8,4,10.833,1.0259
OND6_12_S09,OND6_12,PTR6,9,5,10.833,1.0381
OND6_12_S10,OND6_12,PTR6,10,5,10.833,0.9966
OND6_12_S11,OND6_12,PTR6,11,6,10.833,0.9888
OND6_12_S12,OND6_12,PTR6,12,6,10.833,1.0124
OND6_12_S13,OND6_12,PTR6,13,7,10.833,0.9817
OND6_12_S14,OND6_12,PTR6,14,7,10.833,0.9816
OND6_12_S15,OND6_12,PTR6,15,8,10.833,1.0021
OND6_12_S16,OND6_12,PTR6,16,8,10.833,0.9765
OND6_12_S17,OND6_12,PTR6,17,9,10.833,1.0135
OND6_12_S18,OND6_12,PTR6,18,9,10.833,1.0089
OND6_12_S19,OND6_12,PTR6,19,10,10.833,0.9861
OND6_12_S20,OND6_12,PTR6,20,10,10.833,0.9862
OND6_12_S21,OND6_12,PTR6,21,11,10.833,1.0148
OND6_12_S22,OND6_12,PTR6,22,11,10.833,1.004
OND6_12_S23,OND6_12,PTR6,23,12,10.833,0.9663
OND6_12_S24,OND6_12,PTR6,24,12,10.833,1.0155
OND6_13_S01,OND6_13,PTR6,1,1,10.833,1.0259
OND6_13_S02,OND6_13,PTR6,2,1,10.833,0.96
OND6_13_S03,OND6_13,PTR6,3,2,10.833,1.0037
OND6_13_S04,OND6_13,PTR6,4,2,10.833,1.0035
OND6_13_S05,OND6_13,PTR6,5,3,10.833,1.0092
OND6_13_S06,OND6_13,PTR6,6,3,10.833,1.0065
OND6_13_S07,OND6_13,PTR6,7,4,10.833,1.0248
OND6_13_S08,OND6_13,PTR6,8,4,10.833,0.9836
OND6_13_S09,OND6_13,PTR6,9,5,10.833,1.0035
OND6_13_S10,OND6_13,PTR6,10,5,10.833,1.0182
OND6_13_S11,OND6_13,PTR6,11,6,10.833,1.0042
OND6_13_S12,OND6_13,PTR6,12,6,10.833,1.0219
OND6_13_S13,OND6_13,PTR6,13,7,10.833,1.0016
OND6_13_S14,OND6_13,PTR6,14,7,10.833,1.0095
OND6_13_S15,OND6_13,PTR6,15,8,10.833,0.9716
OND6_13_S16,OND6_13,PTR6,16,8,10.833,1.0104
OND6_13_S17,OND6_13,PTR6,17,9,10.833,0.9874
OND6_13_S18,OND6_13,PTR6,18,9,10.833,0.982
OND6_13_S19,OND6_13,PTR6,19,10,10.833,1.0001
OND6_13_S20,OND6_13,PTR6,20,10,10.833,1.0127
OND6_13_S21,OND6_13,PTR6,21,11,10.833,1.0053
OND6_13_S22,OND6_13,PTR6,22,11,10.833,1.0227
OND6_13_S23,OND6_13,PTR6,23,12,10.833,1.0061
OND6_13_S24,OND6_13,PTR6,24,12,10.833,0.9917
OND6_14_S01,OND6_14,PTR6,1,1,10.833,1.0008
OND6_14_S02,OND6_14,PTR6,2,1,10.833,0.9788
OND6_14_S03,OND6_14,PTR6,3,2,10.833,0.975
OND6_14_S04,OND6_14,PTR6,4,2,10.833,1.0128
OND6_14_S05,OND6_14,PTR6,5,3,10.833,1.006
OND6_14_S06,OND6_14,PTR6,6,3,10.833,0.9795
OND6_14_S07,OND6_14,PTR6,7,4,10.833,0.9881
OND6_14_S08,OND6_14,PTR6,8,4,10.833,1.0085
OND6_14_S09,OND6_14,PTR6,9,5,10.833,0.9944
OND6_14_S10,OND6_14,PTR6,10,5,10.833,0.985
OND6_14_S11,OND6_14,PTR6,11,6,10.833,0.9929
OND6_14_S12,OND6_14,PTR6,12,6,10.833,0.9908
OND6_14_S13,OND6_14,PTR6,13,7,10.833,1.0161
OND6_14_S14,OND6_14,PTR6,14,7,10.833,0.9745
OND6_14_S15,OND6_14,PTR6,15,8,10.833,0.998
OND6_14_S16,OND6_14,PTR6,16,8,10.833,1.0118
OND6_14_S17,OND6_14,PTR6,17,9,10.833,0.9727
OND6_14_S18,OND6_14,PTR6,18,9,10.833,0.9902
OND6_14_S19,OND6_14,PTR6,19,10,10.833,1.0105
OND6_14_S20,OND6_14,PTR6,20,10,10.833,0.9778
OND6_14_S21,OND6_14,PTR6,21,11,10.833,0.9939
OND6_14_S22,OND6_14,PTR6,22,11,10.833,0.9983
OND6_14_S23,OND6_14,PTR6,23,12,10.833,0.9925
OND6_14_S24,OND6_14,PTR6,24,12,10.833,0.9872
OND6_15_S01,OND6_15,PTR6,1,1,10.808,1.0068
OND6_15_S02,OND6_15,PTR6,2,1,10.808,0.9999
OND6_15_S03,OND6_15,PTR6,3,2,10.808,0.9899
OND6_15_S04,OND6_15,PTR6,4,2,10.808,1.0044
OND6_15_S05,OND6_15,PTR6,5,3,10.808,0.9924
OND6_15_S06,OND6_15,PTR6,6,3,10.808,1.0004
OND6_15_S07,OND6_15,PTR6,7,4,10.808,1.004
OND6_15_S08,OND6_15,PTR6,8,4,10.808,0.9902
OND6_15_S09,OND6_15,PTR6,9,5,10.808,0.9862
OND6_15_S10,OND6_15,PTR6,10,5,10.808,1.0028
OND6_15_S11,OND6_15,PTR6,11,6,10.808,1.0104
OND6_15_S12,OND6_15,PTR6,12,6,10.808,1.0037
OND6_15_S13,OND6_15,PTR6,13,7,10.808,0.9999
OND6_15_S14,OND6_15,PTR6,14,7,10.808,1.0092
OND6_15_S15,OND6_15,PTR6,15,8,10.808,1.0095
OND6_15_S16,OND6_15,PTR6,16,8,10.808,1.0097
OND6_15_S17,OND6_15,PTR6,17,9,10.808,0.9951
OND6_15_S18,OND6_15,PTR6,18,9,10.808,1.03
OND6_15_S19,OND6_15,PTR6,19,10,10.808,0.9913
OND6_15_S20,OND6_15,PTR6,20,10,10.808,0.9649
OND6_15_S21,OND6_15,PTR6,21,11,10.808,1.0144
OND6_15_S22,OND6_15,PTR6,22,11,10.808,0.9997
OND6_15_S23,OND6_15,PTR6,23,12,10.808,0.9971
OND6_15_S24,OND6_15,PTR6,24,12,10.808,1.0202
OND7_1_S01,OND7_1,PTR7,1,1,10.833,1.0035
OND7_1_S02,OND7_1,PTR7,2,1,10.833,1.0317
OND7_1_S03,OND7_1,PTR7,3,2,10.833,0.9976
OND7_1_S04,OND7_1,PTR7,4,2,10.833,1.04
OND7_1_S05,OND7_1,PTR7,5,3,10.833,0.9808
OND7_1_S06,OND7_1,PTR7,6,3,10.833,0.9915
OND7_1_S07,OND7_1,PTR7,7,4,10.833,0.9967
OND7_1_S08,OND7_1,PTR7,8,4,10.833,1.0171
OND7_1_S09,OND7_1,PTR7,9,5,10.833,1.0007
OND7_1_S10,OND7_1,PTR7,10,5,10.833,0.9999
OND7_1_S11,OND7_1,PTR7,11,6,10.833,1.02
OND7_1_S12,OND7_1,PTR7,12,6,10.833,0.9862
OND7_1_S13,OND7_1,PTR7,13,7,10.833,0.9881
OND7_1_S14,OND7_1,PTR7,14,7,10.833,1.0072
OND7_1_S15,OND7_1,PTR7,15,8,10.833,1.0027
OND7_1_S16,OND7_1,PTR7,16,8,10.833,0.9821
OND7_1_S17,OND7_1,PTR7,17,9,10.833,1.0177
OND7_1_S18,OND7_1,PTR7,18,9,10.833,1.0221
OND7_1_S19,OND7_1,PTR7,19,10,10.833,0.9965
OND7_1_S20,OND7_1,PTR7,20,10,10.833,0.9836
OND7_1_S21,OND7_1,PTR7,21,11,10.833,0.9825
OND7_1_S22,OND7_1,PTR7,22,11,10.833,0.9862
OND7_1_S23,OND7_1,PTR7,23,12,10.833,0.9754
OND7_1_S24,OND7_1,PTR7,24,12,10.833,1.0121
OND7_2_S01,OND7_2,PTR7,1,1,10.833,1.0039
OND7_2_S02,OND7_2,PTR7,2,1,10.833,1.0021
OND7_2_S03,OND7_2,PTR7,3,2,10.833,1.0003
OND7_2_S04,OND7_2,PTR7,4,2,10.833,1.0047
OND7_2_S05,OND7_2,PTR7,5,3,10.833,1.0002
OND7_2_S06,OND7_2,PTR7,6,3,10.833,1.003
OND7_2_S07,OND7_2,PTR7,7,4,10.833,0.9856
OND7_2_S08,OND7_2,PTR7,8,4,10.833,1.0105
OND7_2_S09,OND7_2,PTR7,9,5,10.833,1.0086
OND7_2_S10,OND7_2,PTR7,10,5,10.833,1.0112
OND7_2_S11,OND7_2,PTR7,11,6,10.833,1.0031
OND7_2_S12,OND7_2,PTR7,12,6,10.833,1.0113
OND7_2_S13,OND7_2,PTR7,13,7,10.833,0.9937
OND7_2_S14,OND7_2,PTR7,14,7,10.833,1.0169
OND7_2_S15,OND7_2,PTR7,15,8,10.833,0.9914
OND7_2_S16,OND7_2,PTR7,16,8,10.833,0.9976
OND7_2_S17,OND7_2,PTR7,17,9,10.833,1.0098
OND7_2_S18,OND7_2,PTR7,18,9,10.833,1.0142
OND7_2_S19,OND7_2,PTR7,19,10,10.833,0.9892
OND7_2_S20,OND7_2,PTR7,20,10,10.833,0.9954
OND7_2_S21,OND7_2,PTR7,21,11,10.833,0.9785
OND7_2_S22,OND7_2,PTR7,22,11,10.833,0.9752
OND7_2_S23,OND7_2,PTR7,23,12,10.833,0.9779
OND7_2_S24,OND7_2,PTR7,24,12,10.833,0.9654
OND7_3_S01,OND7_3,PTR7,1,1,10.833,0.9952
OND7_3_S02,OND7_3,PTR7,2,1,10.833,0.9941
OND7_3_S03,OND7_3,PTR7,3,2,10.833,0.979
OND7_3_S04,OND7_3,PTR7,4,2,10.833,0.9965
OND7_3_S05,OND7_3,PTR7,5,3,10.833,0.9971
OND7_3_S06,OND7_3,PTR7,6,3,10.833,0.988
OND7_3_S07,OND7_3,PTR7,7,4,10.833,0.993
OND7_3_S08,OND7_3,PTR7,8,4,10.833,0.9983
OND7_3_S09,OND7_3,PTR7,9,5,10.833,0.9925
OND7_3_S10,OND7_3,PTR7,10,5,10.833,0.9881
OND7_3_S11,OND7_3,PTR7,11,6,10.833,0.9692
OND7_3_S12,OND7_3,PTR7,12,6,10.833,1.0152
OND7_3_S13,OND7_3,PTR7,13,7,10.833,1.0016
OND7_3_S14,OND7_3,PTR7,14,7,10.833,1.0183
OND7_3_S15,OND7_3,PTR7,15,8,10.833,0.9933
OND7_3_S16,OND7_3,PTR7,16,8,10.833,1.0233
OND7_3_S17,OND7_3,PTR7,17,9,10.833,1.0157
OND7_3_S18,OND7_3,PTR7,18,9,10.833,0.9922
OND7_3_S19,OND7_3,PTR7,19,10,10.833,1.0118
OND7_3_S20,OND7_3,PTR7,20,10,10.833,1.0204
OND7_3_S21,OND7_3,PTR7,21,11,10.833,0.9777
OND7_3_S22,OND7_3,PTR7,22,11,10.833,1.0187
OND7_3_S23,OND7_3,PTR7,23,12,10.833,0.9755
OND7_3_S24,OND7_3,PTR7,24,12,10.833,0.9863
OND7_4_S01,OND7_4,PTR7,1,1,10.833,0.9952
OND7_4_S02,OND7_4,PTR7,2,1,10.833,1.0076
OND7_4_S03,OND7_4,PTR7,3,2,10.833,1.0064
OND7_4_S04,OND7_4,PTR7,4,2,10.833,0.9838
OND7_4_S05,OND7_4,PTR7,5,3,10.833,0.9971
OND7_4_S06,OND7_4,PTR7,6,3,10.833,0.9926
OND7_4_S07,OND7_4,PTR7,7,4,10.833,1.0199
OND7_4_S08,OND7_4,PTR7,8,4,10.833,0.9917
OND7_4_S09,OND7_4,PTR7,9,5,10.833,0.9883
OND7_4_S10,OND7_4,PTR7,10,5,10.833,1.0141
OND7_4_S11,OND7_4,PTR7,11,6,10.833,1.0145
OND7_4_S12,OND7_4,PTR7,12,6,10.833,0.9942
OND7_4_S13,OND7_4,PTR7,13,7,10.833,1.0213
OND7_4_S14,OND7_4,PTR7,14,7,10.833,1.0072
OND7_4_S15,OND7_4,PTR7,15,8,10.833,0.9719
OND7_4_S16,OND7_4,PTR7,16,8,10.833,0.9953
OND7_4_S17,OND7_4,PTR7,17,9,10.833,0.9827
OND7_4_S18,OND7_4,PTR7,18,9,10.833,1.0079
OND7_4_S19,OND7_4,PTR7,19,10,10.833,0.9802
OND7_4_S20,OND7_4,PTR7,20,10,10.833,1.0009
OND7_4_S21,OND7_4,PTR7,21,11,10.833,1.0081
OND7_4_S22,OND7_4,PTR7,22,11,10.833,0.9933
OND7_4_S23,OND7_4,PTR7,23,12,10.833,0.9888
OND7_4_S24,OND7_4,PTR7,24,12,10.833,1.0112
OND7_5_S01,OND7_5,PTR7,1,1,10.833,1.0138
OND7_5_S02,OND7_5,PTR7,2,1,10.833,0.9994
OND7_5_S03,OND7_5,PTR7,3,2,10.833,0.9903
OND7_5_S04,OND7_5,PTR7,4,2,10.833,1.0015
OND7_5_S05,OND7_5,PTR7,5,3,10.833,1.0176
OND7_5_S06,OND7_5,PTR7,6,3,10.833,1.0082
OND7_5_S07,OND7_5,PTR7,7,4,10.833,1.0034
OND7_5_S08,OND7_5,PTR7,8,4,10.833,1.0127
OND7_5_S09,OND7_5,PTR7,9,5,10.833,0.9892
OND7_5_S10,OND7_5,PTR7,10,5,10.833,1.004
OND7_5_S11,OND7_5,PTR7,11,6,10.833,0.9821
OND7_5_S12,OND7_5,PTR7,12,6,10.833,1.0018
OND7_5_S13,OND7_5,PTR7,13,7,10.833,1.0281
OND7_5_S14,OND7_5,PTR7,14,7,10.833,1.0057
OND7_5_S15,OND7_5,PTR7,15,8,10.833,1.0195
OND7_5_S16,OND7_5,PTR7,16,8,10.833,1.0088
OND7_5_S17,OND7_5,PTR7,17,9,10.833,0.9961
OND7_5_S18,OND7_5,PTR7,18,9,10.833,1.0098
OND7_5_S19,OND7_5,PTR7,19,10,10.833,0.9981
OND7_5_S20,OND7_5,PTR7,20,10,10.833,1.0151
OND7_5_S21,OND7_5,PTR7,21,11,10.833,1.013
OND7_5_S22,OND7_5,PTR7,22,11,10.833,0.9948
OND7_5_S23,OND7_5,PTR7,23,12,10.833,0.996
OND7_5_S24,OND7_5,PTR7,24,12,10.833,1.0273
OND7_6_S01,OND7_6,PTR7,1,1,10.833,1.0127
OND7_6_S02,OND7_6,PTR7,2,1,10.833,1.04
OND7_6_S03,OND7_6,PTR7,3,2,10.833,0.9969
OND7_6_S04,OND7_6,PTR7,4,2,10.833,0.9926
OND7_6_S05,OND7_6,PTR7,5,3,10.833,0.9887
OND7_6_S06,OND7_6,PTR7,6,3,10.833,0.9888
OND7_6_S07,OND7_6,PTR7,7,4,10.833,1.0094
OND7_6_S08,OND7_6,PTR7,8,4,10.833,0.9988
OND7_6_S09,OND7_6,PTR7,9,5,10.833,0.9712
OND7_6_S10,OND7_6,PTR7,10,5,10.833,1.0014
OND7_6_S11,OND7_6,PTR7,11,6,10.833,0.9925
OND7_6_S12,OND7_6,PTR7,12,6,10.833,1.012
OND7_6_S13,OND7_6,PTR7,13,7,10.833,0.9702
OND7_6_S14,OND7_6,PTR7,14,7,10.833,1.0132
OND7_6_S15,OND7_6,PTR7,15,8,10.833,0.9803
OND7_6_S16,OND7_6,PTR7,16,8,10.833,1.0015
OND7_6_S17,OND7_6,PTR7,17,9,10.833,0.9942
OND7_6_S18,OND7_6,PTR7,18,9,10.833,0.9958
OND7_6_S19,OND7_6,PTR7,19,10,10.833,0.9723
OND7_6_S20,OND7_6,PTR7,20,10,10.833,0.993
OND7_6_S21,OND7_6,PTR7,21,11,10.833,0.9731
OND7_6_S22,OND7_6,PTR7,22,11,10.833,0.9963
OND7_6_S23,OND7_6,PTR7,23,12,10.833,1.0069
OND7_6_S24,OND7_6,PTR7,24,12,10.833,1.0379
OND7_7_S01,OND7_7,PTR7,1,1,10.833,0.9931
OND7_7_S02,OND7_7,PTR7,2,1,10.833,0.9995
OND7_7_S03,OND7_7,PTR7,3,2,10.833,0.9955
OND7_7_S04,OND7_7,PTR7,4,2,10.833,1.0001
OND7_7_S05,OND7_7,PTR7,5,3,10.833,0.9976
OND7_7_S06,OND7_7,PTR7,6,3,10.833,1.0174
OND7_7_S07,OND7_7,PTR7,7,4,10.833,0.9655
OND7_7_S08,OND7_7,PTR7,8,4,10.833,0.9867
OND7_7_S09,OND7_7,PTR7,9,5,10.833,0.9942
OND7_7_S10,OND7_7,PTR7,10,5,10.833,0.9925
OND7_7_S11,OND7_7,PTR7,11,6,10.833,1.0079
OND7_7_S12,OND7_7,PTR7,12,6,10.833,0.9842
OND7_7_S13,OND7_7,PTR7,13,7,10.833,0.9935
OND7_7_S14,OND7_7,PTR7,14,7,10.833,0.9855
OND7_7_S15,OND7_7,PTR7,15,8,10.833,0.9906
OND7_7_S16,OND7_7,PTR7,16,8,10.833,1.014
OND7_7_S17,OND7_7,PTR7,17,9,10.833,0.9942
OND7_7_S18,OND7_7,PTR7,18,9,10.833,0.9901
OND7_7_S19,OND7_7,PTR7,19,10,10.833,0.9985
OND7_7_S20,OND7_7,PTR7,20,10,10.833,1.0352
OND7_7_S21,OND7_7,PTR7,21,11,10.833,0.9933
OND7_7_S22,OND7_7,PTR7,22,11,10.833,0.9861
OND7_7_S23,OND7_7,PTR7,23,12,10.833,1.0089
OND7_7_S24,OND7_7,PTR7,24,12,10.833,0.9981
OND7_8_S01,OND7_8,PTR7,1,1,10.833,0.9662
OND7_8_S02,OND7_8,PTR7,2,1,10.833,1.0027
OND7_8_S03,OND7_8,PTR7,3,2,10.833,1.0166
OND7_8_S04,OND7_8,PTR7,4,2,10.833,1.009
OND7_8_S05,OND7_8,PTR7,5,3,10.833,1.0005
OND7_8_S06,OND7_8,PTR7,6,3,10.833,0.9974
OND7_8_S07,OND7_8,PTR7,7,4,10.833,0.9854
OND7_8_S08,OND7_8,PTR7,8,4,10.833,0.9749
OND7_8_S09,OND7_8,PTR7,9,5,10.833,1.0162
OND7_8_S10,OND7_8,PTR7,10,5,10.833,0.9977
OND7_8_S11,OND7_8,PTR7,11,6,10.833,0.9977
OND7_8_S12,OND7_8,PTR7,12,6,10.833,1.0193
OND7_8_S13,OND7_8,PTR7,13,7,10.833,1.0142
OND7_8_S14,OND7_8,PTR7,14,7,10.833,1.0193
OND7_8_S15,OND7_8,PTR7,15,8,10.833,1.0161
OND7_8_S16,OND7_8,PTR7,16,8,10.833,1.0171
OND7_8_S17,OND7_8,PTR7,17,9,10.833,1.0216
OND7_8_S18,OND7_8,PTR7,18,9,10.833,1.0004
OND7_8_S19,OND7_8,PTR7,19,10,10.833,1.0339
OND7_8_S20,OND7_8,PTR7,20,10,10.833,0.9993
OND7_8_S21,OND7_8,PTR7,21,11,10.833,0.9897
OND7_8_S22,OND7_8,PTR7,22,11,10.833,0.9982
OND7_8_S23,OND7_8,PTR7,23,12,10.833,0.9648
OND7_8_S24,OND7_8,PTR7,24,12,10.833,1.0026
OND7_9_S01,OND7_9,PTR7,1,1,10.833,0.9903
OND7_9_S02,OND7_9,PTR7,2,1,10.833,0.9896
OND7_9_S03,OND7_9,PTR7,3,2,10.833,1.0111
OND7_9_S04,OND7_9,PTR7,4,2,10.833,0.9929
OND7_9_S05,OND7_9,PTR7,5,3,10.833,1.0074
OND7_9_S06,OND7_9,PTR7,6,3,10.833,1.0125
OND7_9_S07,OND7_9,PTR7,7,4,10.833,1.005
OND7_9_S08,OND7_9,PTR7,8,4,10.833,0.9961
OND7_9_S09,OND7_9,PTR7,9,5,10.833,1.0374
OND7_9_S10,OND7_9,PTR7,10,5,10.833,1.031
OND7_9_S11,OND7_9,PTR7,11,6,10.833,0.994
OND7_9_S12,OND7_9,PTR7,12,6,10.833,0.9931
OND7_9_S13,OND7_9,PTR7,13,7,10.833,0.9775
OND7_9_S14,OND7_9,PTR7,14,7,10.833,0.9948
OND7_9_S15,OND7_9,PTR7,15,8,10.833,0.9995
OND7_9_S16,OND7_9,PTR7,16,8,10.833,1.004
OND7_9_S17,OND7_9,PTR7,17,9,10.833,1.001
OND7_9_S18,OND7_9,PTR7,18,9,10.833,1.0102
OND7_9_S19,OND7_9,PTR7,19,10,10.833,1.0119
OND7_9_S20,OND7_9,PTR7,20,10,10.833,0.9937
OND7_9_S21,OND7_9,PTR7,21,11,10.833,0.9995
OND7_9_S22,OND7_9,PTR7,22,11,10.833,0.9952
OND7_9_S23,OND7_9,PTR7,23,12,10.833,0.9899
OND7_9_S24,OND7_9,PTR7,24,12,10.833,0.9843
OND7_10_S01,OND7_10,PTR7,1,1,10.833,0.9837
OND7_10_S02,OND7_10,PTR7,2,1,10.833,1.0131
OND7_10_S03,OND7_10,PTR7,3,2,10.833,0.9647
OND7_10_S04,OND7_10,PTR7,4,2,10.833,0.9965
OND7_10_S05,OND7_10,PTR7,5,3,10.833,1.0137
OND7_10_S06,OND7_10,PTR7,6,3,10.833,1.0034
OND7_10_S07,OND7_10,PTR7,7,4,10.833,1.026
OND7_10_S08,OND7_10,PTR7,8,4,10.833,0.9791
OND7_10_S09,OND7_10,PTR7,9,5,10.833,1.0236
OND7_10_S10,OND7_10,PTR7,10,5,10.833,0.9998
OND7_10_S11,OND7_10,PTR7,11,6,10.833,0.9711
OND7_10_S12,OND7_10,PTR7,12,6,10.833,1.0029
OND7_10_S13,OND7_10,PTR7,13,7,10.833,0.993
OND7_10_S14,OND7_10,PTR7,14,7,10.833,1.0025
OND7_10_S15,OND7_10,PTR7,15,8,10.833,1.0072
OND7_10_S16,OND7_10,PTR7,16,8,10.833,0.9872
OND7_10_S17,OND7_10,PTR7,17,9,10.833,1.0021
OND7_10_S18,OND7_10,PTR7,18,9,10.833,0.9834
OND7_10_S19,OND7_10,PTR7,19,10,10.833,0.9715
OND7_10_S20,OND7_10,PTR7,20,10,10.833,0.9851
OND7_10_S21,OND7_10,PTR7,21,11,10.833,0.974
OND7_10_S22,OND7_10,PTR7,22,11,10.833,1.007
OND7_10_S23,OND7_10,PTR7,23,12,10.833,0.9861
OND7_10_S24,OND7_10,PTR7,24,12,10.833,0.9779
OND7_11_S01,OND7_11,PTR7,1,1,10.833,1.0061
OND7_11_S02,OND7_11,PTR7,2,1,10.833,1.0032
OND7_11_S03,OND7_11,PTR7,3,2,10.833,1.0096
OND7_11_S04,OND7_11,PTR7,4,2,10.833,0.9914
OND7_11_S05,OND7_11,PTR7,5,3,10.833,1.0063
OND7_11_S06,OND7_11,PTR7,6,3,10.833,0.9874
OND7_11_S07,OND7_11,PTR7,7,4,10.833,1.0187
OND7_11_S08,OND7_11,PTR7,8,4,10.833,0.9934
OND7_11_S09,OND7_11,PTR7,9,5,10.833,1.0379
OND7_11_S10,OND7_11,PTR7,10,5,10.833,1.017
OND7_11_S11,OND7_11,PTR7,11,6,10.833,0.973
OND7_11_S12,OND7_11,PTR7,12,6,10.833,1.0069
OND7_11_S13,OND7_11,PTR7,13,7,10.833,0.9838
OND7_11_S14,OND7_11,PTR7,14,7,10.833,1.0022
OND7_11_S15,OND7_11,PTR7,15,8,10.833,0.984
OND7_11_S16,OND7_11,PTR7,16,8,10.833,1.0054
OND7_11_S17,OND7_11,PTR7,17,9,10.833,1.0137
OND7_11_S18,OND7_11,PTR7,18,9,10.833,0.9827
OND7_11_S19,OND7_11,PTR7,19,10,10.833,0.9844
OND7_11_S20,OND7_11,PTR7,20,10,10.833,0.9776
OND7_11_S21,OND7_11,PTR7,21,11,10.833,0.9909
OND7_11_S22,OND7_11,PTR7,22,11,10.833,0.9938
OND7_11_S23,OND7_11,PTR7,23,12,10.833,0.9732
OND7_11_S24,OND7_11,PTR7,24,12,10.833,1.0138
OND7_12_S01,OND7_12,PTR7,1,1,10.833,0.9865
OND7_12_S02,OND7_12,PTR7,2,1,10.833,1.017
OND7_12_S03,OND7_12,PTR7,3,2,10.833,0.978
OND7_12_S04,OND7_12,PTR7,4,2,10.833,0.9852
OND7_12_S05,OND7_12,PTR7,5,3,10.833,1.0035
OND7_12_S06,OND7_12,PTR7,6,3,10.833,1.0139
OND7_12_S07,OND7_12,PTR7,7,4,10.833,0.9868
OND7_12_S08,OND7_12,PTR7,8,4,10.833,0.9908
OND7_12_S09,OND7_12,PTR7,9,5,10.833,0.989
OND7_12_S10,OND7_12,PTR7,10,5,10.833,0.9602
OND7_12_S11,OND7_12,PTR7,11,6,10.833,1.0015
OND7_12_S12,OND7_12,PTR7,12,6,10.833,0.9908
OND7_12_S13,OND7_12,PTR7,13,7,10.833,1.0017
OND7_12_S14,OND7_12,PTR7,14,7,10.833,1.0004
OND7_12_S15,OND7_12,PTR7,15,8,10.833,1.002
OND7_12_S16,OND7_12,PTR7,16,8,10.833,1.0269
OND7_12_S17,OND7_12,PTR7,17,9,10.833,0.9888
OND7_12_S18,OND7_12,PTR7,18,9,10.833,0.9936
OND7_12_S19,OND7_12,PTR7,19,10,10.833,0.9847
OND7_12_S20,OND7_12,PTR7,20,10,10.833,0.992
OND7_12_S21,OND7_12,PTR7,21,11,10.833,0.9932
OND7_12_S22,OND7_12,PTR7,22,11,10.833,0.9911
OND7_12_S23,OND7_12,PTR7,23,12,10.833,1.0296
OND7_12_S24,OND7_12,PTR7,24,12,10.833,0.991
OND7_13_S01,OND7_13,PTR7,1,1,10.833,1.0011
OND7_13_S02,OND7_13,PTR7,2,1,10.833,0.9947
OND7_13_S03,OND7_13,PTR7,3,2,10.833,0.9802
OND7_13_S04,OND7_13,PTR7,4,2,10.833,1.0056
OND7_13_S05,OND7_13,PTR7,5,3,10.833,0.9913
OND7_13_S06,OND7_13,PTR7,6,3,10.833,0.9848
OND7_13_S07,OND7_13,PTR7,7,4,10.833,1.014
OND7_13_S08,OND7_13,PTR7,8,4,10.833,0.9946
OND7_13_S09,OND7_13,PTR7,9,5,10.833,0.9777
OND7_13_S10,OND7_13,PTR7,10,5,10.833,0.9866
OND7_13_S11,OND7_13,PTR7,11,6,10.833,0.9824
OND7_13_S12,OND7_13,PTR7,12,6,10.833,0.9942
OND7_13_S13,OND7_13,PTR7,13,7,10.833,1.0013
OND7_13_S14,OND7_13,PTR7,14,7,10.833,1.0001
OND7_13_S15,OND7_13,PTR7,15,8,10.833,1.0139
OND7_13_S16,OND7_13,PTR7,16,8,10.833,0.9761
OND7_13_S17,OND7_13,PTR7,17,9,10.833,1.0051
OND7_13_S18,OND7_13,PTR7,18,9,10.833,1.0166
OND7_13_S19,OND7_13,PTR7,19,10,10.833,1.0001
OND7_13_S20,OND7_13,PTR7,20,10,10.833,1.0083
OND7_13_S21,OND7_13,PTR7,21,11,10.833,0.9999
OND7_13_S22,OND7_13,PTR7,22,11,10.833,1.0075
OND7_13_S23,OND7_13,PTR7,23,12,10.833,0.9909
OND7_13_S24,OND7_13,PTR7,24,12,10.833,1.007
OND7_14_S01,OND7_14,PTR7,1,1,10.833,1.016
OND7_14_S02,OND7_14,PTR7,2,1,10.833,0.971
OND7_14_S03,OND7_14,PTR7,3,2,10.833,1.031
OND7_14_S04,OND7_14,PTR7,4,2,10.833,1.0047
OND7_14_S05,OND7_14,PTR7,5,3,10.833,0.9991
OND7_14_S06,OND7_14,PTR7,6,3,10.833,1.0201
OND7_14_S07,OND7_14,PTR7,7,4,10.833,1.0218
OND7_14_S08,OND7_14,PTR7,8,4,10.833,0.9798
OND7_14_S09,OND7_14,PTR7,9,5,10.833,1.0001
OND7_14_S10,OND7_14,PTR7,10,5,10.833,1.0322
OND7_14_S11,OND7_14,PTR7,11,6,10.833,1.016
OND7_14_S12,OND7_14,PTR7,12,6,10.833,0.9867
OND7_14_S13,OND7_14,PTR7,13,7,10.833,1.0048
OND7_14_S14,OND7_14,PTR7,14,7,10.833,1.004
OND7_14_S15,OND7_14,PTR7,15,8,10.833,0.9704
OND7_14_S16,OND7_14,PTR7,16,8,10.833,0.992
OND7_14_S17,OND7_14,PTR7,17,9,10.833,1.0075
OND7_14_S18,OND7_14,PTR7,18,9,10.833,1.001
OND7_14_S19,OND7_14,PTR7,19,10,10.833,1.0057
OND7_14_S20,OND7_14,PTR7,20,10,10.833,1.0079
OND7_14_S21,OND7_14,PTR7,21,11,10.833,0.99
OND7_14_S22,OND7_14,PTR7,22,11,10.833,1.0157
OND7_14_S23,OND7_14,PTR7,23,12,10.833,1.0142
OND7_14_S24,OND7_14,PTR7,24,12,10.833,1.0153
OND7_15_S01,OND7_15,PTR7,1,1,10.808,1.0067
OND7_15_S02,OND7_15,PTR7,2,1,10.808,0.9886
OND7_15_S03,OND7_15,PTR7,3,2,10.808,1.018
OND7_15_S04,OND7_15,PTR7,4,2,10.808,0.9818
OND7_15_S05,OND7_15,PTR7,5,3,10.808,1.0033
OND7_15_S06,OND7_15,PTR7,6,3,10.808,1.0034
OND7_15_S07,OND7_15,PTR7,7,4,10.808,1.0131
OND7_15_S08,OND7_15,PTR7,8,4,10.808,0.9904
OND7_15_S09,OND7_15,PTR7,9,5,10.808,0.9871
OND7_15_S10,OND7_15,PTR7,10,5,10.808,0.9763
OND7_15_S11,OND7_15,PTR7,11,6,10.808,0.9806
OND7_15_S12,OND7_15,PTR7,12,6,10.808,0.9843
OND7_15_S13,OND7_15,PTR7,13,7,10.808,0.9903
OND7_15_S14,OND7_15,PTR7,14,7,10.808,1.0
OND7_15_S15,OND7_15,PTR7,15,8,10.808,0.9919
OND7_15_S16,OND7_15,PTR7,16,8,10.808,1.016
OND7_15_S17,OND7_15,PTR7,17,9,10.808,0.9853
OND7_15_S18,OND7_15,PTR7,18,9,10.808,0.9886
OND7_15_S19,OND7_15,PTR7,19,10,10.808,1.0053
OND7_15_S20,OND7_15,PTR7,20,10,10.808,1.0008
OND7_15_S21,OND7_15,PTR7,21,11,10.808,0.9961
OND7_15_S22,OND7_15,PTR7,22,11,10.808,0.9962
OND7_15_S23,OND7_15,PTR7,23,12,10.808,1.0092
OND7_15_S24,OND7_15,PTR7,24,12,10.808,0.9845
OND8_1_S01,OND8_1,PTR8,1,1,10.833,0.988
OND8_1_S02,OND8_1,PTR8,2,1,10.833,1.0144
OND8_1_S03,OND8_1,PTR8,3,2,10.833,1.04
OND8_1_S04,OND8_1,PTR8,4,2,10.833,0.9829
OND8_1_S05,OND8_1,PTR8,5,3,10.833,0.9971
OND8_1_S06,OND8_1,PTR8,6,3,10.833,1.0133
OND8_1_S07,OND8_1,PTR8,7,4,10.833,1.0356
OND8_1_S08,OND8_1,PTR8,8,4,10.833,0.998
OND8_1_S09,OND8_1,PTR8,9,5,10.833,1.0217
OND8_1_S10,OND8_1,PTR8,10,5,10.833,1.0101
OND8_1_S11,OND8_1,PTR8,11,6,10.833,0.9867
OND8_1_S12,OND8_1,PTR8,12,6,10.833,1.0173
OND8_1_S13,OND8_1,PTR8,13,7,10.833,0.9981
OND8_1_S14,OND8_1,PTR8,14,7,10.833,1.0102
OND8_1_S15,OND8_1,PTR8,15,8,10.833,1.0191
OND8_1_S16,OND8_1,PTR8,16,8,10.833,0.9992
OND8_1_S17,OND8_1,PTR8,17,9,10.833,1.0031
OND8_1_S18,OND8_1,PTR8,18,9,10.833,1.0071
OND8_1_S19,OND8_1,PTR8,19,10,10.833,0.9884
OND8_1_S20,OND8_1,PTR8,20,10,10.833,0.9991
OND8_1_S21,OND8_1,PTR8,21,11,10.833,1.0225
OND8_1_S22,OND8_1,PTR8,22,11,10.833,1.0172
OND8_1_S23,OND8_1,PTR8,23,12,10.833,1.0203
OND8_1_S24,OND8_1,PTR8,24,12,10.833,0.9901
OND8_2_S01,OND8_2,PTR8,1,1,10.833,1.0005
OND8_2_S02,OND8_2,PTR8,2,1,10.833,0.9737
OND8_2_S03,OND8_2,PTR8,3,2,10.833,1.008
OND8_2_S04,OND8_2,PTR8,4,2,10.833,1.0112
OND8_2_S05,OND8_2,PTR8,5,3,10.833,0.9794
OND8_2_S06,OND8_2,PTR8,6,3,10.833,0.9944
OND8_2_S07,OND8_2,PTR8,7,4,10.833,1.0098
OND8_2_S08,OND8_2,PTR8,8,4,10.833,1.0114
OND8_2_S09,OND8_2,PTR8,9,5,10.833,1.0012
OND8_2_S10,OND8_2,PTR8,10,5,10.833,1.0143
OND8_2_S11,OND8_2,PTR8,11,6,10.833,1.001
OND8_2_S12,OND8_2,PTR8,12,6,10.833,1.0068
OND8_2_S13,OND8_2,PTR8,13,7,10.833,0.9808
OND8_2_S14,OND8_2,PTR8,14,7,10.833,0.9826
OND8_2_S15,OND8_2,PTR8,15,8,10.833,1.0105
OND8_2_S16,OND8_2,PTR8,16,8,10.833,0.9945
OND8_2_S17,OND8_2,PTR8,17,9,10.833,1.0142
OND8_2_S18,OND8_2,PTR8,18,9,10.833,1.0155
OND8_2_S19,OND8_2,PTR8,19,10,10.833,1.0087
OND8_2_S20,OND8_2,PTR8,20,10,10.833,1.0282
OND8_2_S21,OND8_2,PTR8,21,11,10.833,0.9789
OND8_2_S22,OND8_2,PTR8,22,11,10.833,0.9919
OND8_2_S23,OND8_2,PTR8,23,12,10.833,0.9959
OND8_2_S24,OND8_2,PTR8,24,12,10.833,1.0029
OND8_3_S01,OND8_3,PTR8,1,1,10.833,1.0186
OND8_3_S02,OND8_3,PTR8,2,1,10.833,1.0013
OND8_3_S03,OND8_3,PTR8,3,2,10.833,0.9982
OND8_3_S04,OND8_3,PTR8,4,2,10.833,0.9859
OND8_3_S05,OND8_3,PTR8,5,3,10.833,1.0036
OND8_3_S06,OND8_3,PTR8,6,3,10.833,0.9964
OND8_3_S07,OND8_3,PTR8,7,4,10.833,0.9655
OND8_3_S08,OND8_3,PTR8,8,4,10.833,1.0077
OND8_3_S09,OND8_3,PTR8,9,5,10.833,1.0082
OND8_3_S10,OND8_3,PTR8,10,5,10.833,1.0021
OND8_3_S11,OND8_3,PTR8,11,6,10.833,1.0309
OND8_3_S12,OND8_3,PTR8,12,6,10.833,0.9757
OND8_3_S13,OND8_3,PTR8,13,7,10.833,1.0226
OND8_3_S14,OND8_3,PTR8,14,7,10.833,1.04
OND8_3_S15,OND8_3,PTR8,15,8,10.833,0.9977
OND8_3_S16,OND8_3,PTR8,16,8,10.833,0.9742
OND8_3_S17,OND8_3,PTR8,17,9,10.833,0.9847
OND8_3_S18,OND8_3,PTR8,18,9,10.833,1.0047
OND8_3_S19,OND8_3,PTR8,19,10,10.833,1.0177
OND8_3_S20,OND8_3,PTR8,20,10,10.833,0.9686
OND8_3_S21,OND8_3,PTR8,21,11,10.833,0.9822
OND8_3_S22,OND8_3,PTR8,22,11,10.833,1.0146
OND8_3_S23,OND8_3,PTR8,23,12,10.833,0.9947
OND8_3_S24,OND8_3,PTR8,24,12,10.833,1.014
OND8_4_S01,OND8_4,PTR8,1,1,10.833,0.9987
OND8_4_S02,OND8_4,PTR8,2,1,10.833,0.9811
OND8_4_S03,OND8_4,PTR8,3,2,10.833,1.0031
OND8_4_S04,OND8_4,PTR8,4,2,10.833,1.0298
OND8_4_S05,OND8_4,PTR8,5,3,10.833,0.9994
OND8_4_S06,OND8_4,PTR8,6,3,10.833,1.0298
OND8_4_S07,OND8_4,PTR8,7,4,10.833,1.0181
OND8_4_S08,OND8_4,PTR8,8,4,10.833,1.0026
OND8_4_S09,OND8_4,PTR8,9,5,10.833,1.0144
OND8_4_S10,OND8_4,PTR8,10,5,10.833,0.9925
OND8_4_S11,OND8_4,PTR8,11,6,10.833,0.9639
OND8_4_S12,OND8_4,PTR8,12,6,10.833,0.974
OND8_4_S13,OND8_4,PTR8,13,7,10.833,1.0178
OND8_4_S14,OND8_4,PTR8,14,7,10.833,1.0079
OND8_4_S15,OND8_4,PTR8,15,8,10.833,1.0056
OND8_4_S16,OND8_4,PTR8,16,8,10.833,1.0195
OND8_4_S17,OND8_4,PTR8,17,9,10.833,1.0156
OND8_4_S18,OND8_4,PTR8,18,9,10.833,0.9964
OND8_4_S19,OND8_4,PTR8,19,10,10.833,1.0358
OND8_4_S20,OND8_4,PTR8,20,10,10.833,0.9979
OND8_4_S21,OND8_4,PTR8,21,11,10.833,1.0292
OND8_4_S22,OND8_4,PTR8,22,11,10.833,1.0137
OND8_4_S23,OND8_4,PTR8,23,12,10.833,1.0252
OND8_4_S24,OND8_4,PTR8,24,12,10.833,1.0104
OND8_5_S01,OND8_5,PTR8,1,1,10.833,0.9802
OND8_5_S02,OND8_5,PTR8,2,1,10.833,1.0179
OND8_5_S03,OND8_5,PTR8,3,2,10.833,1.0144
OND8_5_S04,OND8_5,PTR8,4,2,10.833,1.0186
OND8_5_S05,OND8_5,PTR8,5,3,10.833,1.0277
OND8_5_S06,OND8_5,PTR8,6,3,10.833,1.004
OND8_5_S07,OND8_5,PTR8,7,4,10.833,1.04
OND8_5_S08,OND8_5,PTR8,8,4,10.833,0.978
OND8_5_S09,OND8_5,PTR8,9,5,10.833,0.9991
OND8_5_S10,OND8_5,PTR8,10,5,10.833,0.9714
OND8_5_S11,OND8_5,PTR8,11,6,10.833,0.9975
OND8_5_S12,OND8_5,PTR8,12,6,10.833,1.004
OND8_5_S13,OND8_5,PTR8,13,7,10.833,1.0076
OND8_5_S14,OND8_5,PTR8,14,7,10.833,0.9864
OND8_5_S15,OND8_5,PTR8,15,8,10.833,0.9941
OND8_5_S16,OND8_5,PTR8,16,8,10.833,0.9977
OND8_5_S17,OND8_5,PTR8,17,9,10.833,1.0159
OND8_5_S18,OND8_5,PTR8,18,9,10.833,0.9921
OND8_5_S19,OND8_5,PTR8,19,10,10.833,1.0053
OND8_5_S20,OND8_5,PTR8,20,10,10.833,1.0094
OND8_5_S21,OND8_5,PTR8,21,11,10.833,0.9825
OND8_5_S22,OND8_5,PTR8,22,11,10.833,1.012
OND8_5_S23,OND8_5,PTR8,23,12,10.833,1.0016
OND8_5_S24,OND8_5,PTR8,24,12,10.833,0.9917
OND8_6_S01,OND8_6,PTR8,1,1,10.833,0.9709
OND8_6_S02,OND8_6,PTR8,2,1,10.833,0.9853
OND8_6_S03,OND8_6,PTR8,3,2,10.833,0.9958
OND8_6_S04,OND8_6,PTR8,4,2,10.833,0.995
OND8_6_S05,OND8_6,PTR8,5,3,10.833,1.0185
OND8_6_S06,OND8_6,PTR8,6,3,10.833,0.9768
OND8_6_S07,OND8_6,PTR8,7,4,10.833,1.005
OND8_6_S08,OND8_6,PTR8,8,4,10.833,1.0269
OND8_6_S09,OND8_6,PTR8,9,5,10.833,0.9947
OND8_6_S10,OND8_6,PTR8,10,5,10.833,0.9852
OND8_6_S11,OND8_6,PTR8,11,6,10.833,1.0045
OND8_6_S12,OND8_6,PTR8,12,6,10.833,1.0132
OND8_6_S13,OND8_6,PTR8,13,7,10.833,0.9851
OND8_6_S14,OND8_6,PTR8,14,7,10.833,1.0076
OND8_6_S15,OND8_6,PTR8,15,8,10.833,0.9924
OND8_6_S16,OND8_6,PTR8,16,8,10.833,1.0201
OND8_6_S17,OND8_6,PTR8,17,9,10.833,1.04
OND8_6_S18,OND8_6,PTR8,18,9,10.833,0.98
OND8_6_S19,OND8_6,PTR8,19,10,10.833,0.9937
OND8_6_S20,OND8_6,PTR8,20,10,10.833,0.995
OND8_6_S21,OND8_6,PTR8,21,11,10.833,0.9989
OND8_6_S22,OND8_6,PTR8,22,11,10.833,1.0155
OND8_6_S23,OND8_6,PTR8,23,12,10.833,1.0259
OND8_6_S24,OND8_6,PTR8,24,12,10.833,1.0011
OND8_7_S01,OND8_7,PTR8,1,1,10.833,1.0004
OND8_7_S02,OND8_7,PTR8,2,1,10.833,1.0087
OND8_7_S03,OND8_7,PTR8,3,2,10.833,1.0009
OND8_7_S04,OND8_7,PTR8,4,2,10.833,0.9965
OND8_7_S05,OND8_7,PTR8,5,3,10.833,0.9896
OND8_7_S06,OND8_7,PTR8,6,3,10.833,1.0085
OND8_7_S07,OND8_7,PTR8,7,4,10.833,1.0201
OND8_7_S08,OND8_7,PTR8,8,4,10.833,1.0079
OND8_7_S09,OND8_7,PTR8,9,5,10.833,1.0053
OND8_7_S10,OND8_7,PTR8,10,5,10.833,0.9968
OND8_7_S11,OND8_7,PTR8,11,6,10.833,1.0129
OND8_7_S12,OND8_7,PTR8,12,6,10.833,0.9751
OND8_7_S13,OND8_7,PTR8,13,7,10.833,0.9922
OND8_7_S14,OND8_7,PTR8,14,7,10.833,1.0049
OND8_7_S15,OND8_7,PTR8,15,8,10.833,0.9849
OND8_7_S16,OND8_7,PTR8,16,8,10.833,0.9886
OND8_7_S17,OND8_7,PTR8,17,9,10.833,0.9964
OND8_7_S18,OND8_7,PTR8,18,9,10.833,0.9966
OND8_7_S19,OND8_7,PTR8,19,10,10.833,0.9831
OND8_7_S20,OND8_7,PTR8,20,10,10.833,1.0075
OND8_7_S21,OND8_7,PTR8,21,11,10.833,1.0305
OND8_7_S22,OND8_7,PTR8,22,11,10.833,1.0149
OND8_7_S23,OND8_7,PTR8,23,12,10.833,0.9655
OND8_7_S24,OND8_7,PTR8,24,12,10.833,0.9813
OND8_8_S01,OND8_8,PTR8,1,1,10.833,1.0069
OND8_8_S02,OND8_8,PTR8,2,1,10.833,0.9915
OND8_8_S03,OND8_8,PTR8,3,2,10.833,1.0229
OND8_8_S04,OND8_8,PTR8,4,2,10.833,0.9902
OND8_8_S05,OND8_8,PTR8,5,3,10.833,0.9962
OND8_8_S06,OND8_8,PTR8,6,3,10.833,0.9942
OND8_8_S07,OND8_8,PTR8,7,4,10.833,0.979
OND8_8_S08,OND8_8,PTR8,8,4,10.833,1.0078
OND8_8_S09,OND8_8,PTR8,9,5,10.833,1.0159
OND8_8_S10,OND8_8,PTR8,10,5,10.833,0.9896
OND8_8_S11,OND8_8,PTR8,11,6,10.833,1.0054
OND8_8_S12,OND8_8,PTR8,12,6,10.833,0.987
OND8_8_S13,OND8_8,PTR8,13,7,10.833,1.0075
OND8_8_S14,OND8_8,PTR8,14,7,10.833,0.9948
OND8_8_S15,OND8_8,PTR8,15,8,10.833,0.9904
OND8_8_S16,OND8_8,PTR8,16,8,10.833,0.9774
OND8_8_S17,OND8_8,PTR8,17,9,10.833,1.0064
OND8_8_S18,OND8_8,PTR8,18,9,10.833,0.976
OND8_8_S19,OND8_8,PTR8,19,10,10.833,1.0005
OND8_8_S20,OND8_8,PTR8,20,10,10.833,1.007
OND8_8_S21,OND8_8,PTR8,21,11,10.833,0.998
OND8_8_S22,OND8_8,PTR8,22,11,10.833,0.9741
OND8_8_S23,OND8_8,PTR8,23,12,10.833,0.9896
OND8_8_S24,OND8_8,PTR8,24,12,10.833,0.9892
OND8_9_S01,OND8_9,PTR8,1,1,10.833,0.9916
OND8_9_S02,OND8_9,PTR8,2,1,10.833,1.0243
OND8_9_S03,OND8_9,PTR8,3,2,10.833,1.0006
OND8_9_S04,OND8_9,PTR8,4,2,10.833,1.0034
OND8_9_S05,OND8_9,PTR8,5,3,10.833,0.9944
OND8_9_S06,OND8_9,PTR8,6,3,10.833,0.9893
OND8_9_S07,OND8_9,PTR8,7,4,10.833,1.0259
OND8_9_S08,OND8_9,PTR8,8,4,10.833,1.0065
OND8_9_S09,OND8_9,PTR8,9,5,10.833,1.0151
OND8_9_S10,OND8_9,PTR8,10,5,10.833,0.9956
OND8_9_S11,OND8_9,PTR8,11,6,10.833,1.0219
OND8_9_S12,OND8_9,PTR8,12,6,10.833,0.9836
OND8_9_S13,OND8_9,PTR8,13,7,10.833,0.9802
OND8_9_S14,OND8_9,PTR8,14,7,10.833,0.9866
OND8_9_S15,OND8_9,PTR8,15,8,10.833,1.0146
OND8_9_S16,OND8_9,PTR8,16,8,10.833,1.0264
OND8_9_S17,OND8_9,PTR8,17,9,10.833,1.0041
OND8_9_S18,OND8_9,PTR8,18,9,10.833,0.9922
OND8_9_S19,OND8_9,PTR8,19,10,10.833,0.9814
OND8_9_S20,OND8_9,PTR8,20,10,10.833,1.0043
OND8_9_S21,OND8_9,PTR8,21,11,10.833,1.0191
OND8_9_S22,OND8_9,PTR8,22,11,10.833,1.0103
OND8_9_S23,OND8_9,PTR8,23,12,10.833,1.0015
OND8_9_S24,OND8_9,PTR8,24,12,10.833,1.0097
OND8_10_S01,OND8_10,PTR8,1,1,10.833,0.9881
OND8_10_S02,OND8_10,PTR8,2,1,10.833,0.9765
OND8_10_S03,OND8_10,PTR8,3,2,10.833,0.9968
OND8_10_S04,OND8_10,PTR8,4,2,10.833,0.9958
OND8_10_S05,OND8_10,PTR8,5,3,10.833,0.99
OND8_10_S06,OND8_10,PTR8,6,3,10.833,1.0109
OND8_10_S07,OND8_10,PTR8,7,4,10.833,1.0039
OND8_10_S08,OND8_10,PTR8,8,4,10.833,0.991
OND8_10_S09,OND8_10,PTR8,9,5,10.833,0.9893
OND8_10_S10,OND8_10,PTR8,10,5,10.833,1.014
OND8_10_S11,OND8_10,PTR8,11,6,10.833,1.0125
OND8_10_S12,OND8_10,PTR8,12,6,10.833,0.9949
OND8_10_S13,OND8_10,PTR8,13,7,10.833,1.0018
OND8_10_S14,OND8_10,PTR8,14,7,10.833,0.9954
OND8_10_S15,OND8_10,PTR8,15,8,10.833,1.0089
OND8_10_S16,OND8_10,PTR8,16,8,10.833,1.0373
OND8_10_S17,OND8_10,PTR8,17,9,10.833,1.0003
OND8_10_S18,OND8_10,PTR8,18,9,10.833,1.0117
OND8_10_S19,OND8_10,PTR8,19,10,10.833,1.0096
OND8_10_S20,OND8_10,PTR8,20,10,10.833,1.0045
OND8_10_S21,OND8_10,PTR8,21,11,10.833,1.0135
OND8_10_S22,OND8_10,PTR8,22,11,10.833,1.0048
OND8_10_S23,OND8_10,PTR8,23,12,10.833,0.9833
OND8_10_S24,OND8_10,PTR8,24,12,10.833,1.0079
OND8_11_S01,OND8_11,PTR8,1,1,10.833,1.0138
OND8_11_S02,OND8_11,PTR8,2,1,10.833,0.9826
OND8_11_S03,OND8_11,PTR8,3,2,10.833,1.0
OND8_11_S04,OND8_11,PTR8,4,2,10.833,0.9939
OND8_11_S05,OND8_11,PTR8,5,3,10.833,0.9967
OND8_11_S06,OND8_11,PTR8,6,3,10.833,1.0171
OND8_11_S07,OND8_11,PTR8,7,4,10.833,1.0071
OND8_11_S08,OND8_11,PTR8,8,4,10.833,0.9866
OND8_11_S09,OND8_11,PTR8,9,5,10.833,0.9898
OND8_11_S10,OND8_11,PTR8,10,5,10.833,1.0126
OND8_11_S11,OND8_11,PTR8,11,6,10.833,0.989
OND8_11_S12,OND8_11,PTR8,12,6,10.833,0.9796
OND8_11_S13,OND8_11,PTR8,13,7,10.833,1.0274
OND8_11_S14,OND8_11,PTR8,14,7,10.833,0.9975
OND8_11_S15,OND8_11,PTR8,15,8,10.833,0.9869
OND8_11_S16,OND8_11,PTR8,16,8,10.833,0.9977
OND8_11_S17,OND8_11,PTR8,17,9,10.833,0.9902
OND8_11_S18,OND8_11,PTR8,18,9,10.833,0.979
OND8_11_S19,OND8_11,PTR8,19,10,10.833,1.0304
OND8_11_S20,OND8_11,PTR8,20,10,10.833,1.0025
OND8_11_S21,OND8_11,PTR8,21,11,10.833,0.9916
OND8_11_S22,OND8_11,PTR8,22,11,10.833,1.0095
OND8_11_S23,OND8_11,PTR8,23,12,10.833,0.9981
OND8_11_S24,OND8_11,PTR8,24,12,10.833,1.0117
OND8_12_S01,OND8_12,PTR8,1,1,10.833,0.9953
OND8_12_S02,OND8_12,PTR8,2,1,10.833,0.9905
OND8_12_S03,OND8_12,PTR8,3,2,10.833,0.9725
OND8_12_S04,OND8_12,PTR8,4,2,10.833,1.0213
OND8_12_S05,OND8_12,PTR8,5,3,10.833,0.9962
OND8_12_S06,OND8_12,PTR8,6,3,10.833,1.0206
OND8_12_S07,OND8_12,PTR8,7,4,10.833,0.9944
OND8_12_S08,OND8_12,PTR8,8,4,10.833,0.9799
OND8_12_S09,OND8_12,PTR8,9,5,10.833,0.9924
OND8_12_S10,OND8_12,PTR8,10,5,10.833,1.0051
OND8_12_S11,OND8_12,PTR8,11,6,10.833,1.0062
OND8_12_S12,OND8_12,PTR8,12,6,10.833,0.9785
OND8_12_S13,OND8_12,PTR8,13,7,10.833,0.9985
OND8_12_S14,OND8_12,PTR8,14,7,10.833,0.9943
OND8_12_S15,OND8_12,PTR8,15,8,10.833,0.9988
OND8_12_S16,OND8_12,PTR8,16,8,10.833,0.9906
OND8_12_S17,OND8_12,PTR8,17,9,10.833,0.978
OND8_12_S18,OND8_12,PTR8,18,9,10.833,0.985
OND8_12_S19,OND8_12,PTR8,19,10,10.833,1.04
OND8_12_S20,OND8_12,PTR8,20,10,10.833,1.0043
OND8_12_S21,OND8_12,PTR8,21,11,10.833,0.9948
OND8_12_S22,OND8_12,PTR8,22,11,10.833,1.0045
OND8_12_S23,OND8_12,PTR8,23,12,10.833,1.0119
OND8_12_S24,OND8_12,PTR8,24,12,10.833,0.986
OND8_13_S01,OND8_13,PTR8,1,1,10.792,0.9757
OND8_13_S02,OND8_13,PTR8,2,1,10.792,0.9968
OND8_13_S03,OND8_13,PTR8,3,2,10.792,1.0156
OND8_13_S04,OND8_13,PTR8,4,2,10.792,0.9834
OND8_13_S05,OND8_13,PTR8,5,3,10.792,1.0042
OND8_13_S06,OND8_13,PTR8,6,3,10.792,1.0128
OND8_13_S07,OND8_13,PTR8,7,4,10.792,0.9909
OND8_13_S08,OND8_13,PTR8,8,4,10.792,0.9786
OND8_13_S09,OND8_13,PTR8,9,5,10.792,1.0148
OND8_13_S10,OND8_13,PTR8,10,5,10.792,1.0044
OND8_13_S11,OND8_13,PTR8,11,6,10.792,0.9801
OND8_13_S12,OND8_13,PTR8,12,6,10.792,0.965
OND8_13_S13,OND8_13,PTR8,13,7,10.792,0.9724
OND8_13_S14,OND8_13,PTR8,14,7,10.792,1.0228
OND8_13_S15,OND8_13,PTR8,15,8,10.792,1.0073
OND8_13_S16,OND8_13,PTR8,16,8,10.792,0.9871
OND8_13_S17,OND8_13,PTR8,17,9,10.792,1.0209
OND8_13_S18,OND8_13,PTR8,18,9,10.792,0.9802
OND8_13_S19,OND8_13,PTR8,19,10,10.792,1.0147
OND8_13_S20,OND8_13,PTR8,20,10,10.792,0.9889
OND8_13_S21,OND8_13,PTR8,21,11,10.792,0.9949
OND8_13_S22,OND8_13,PTR8,22,11,10.792,0.9954
OND8_13_S23,OND8_13,PTR8,23,12,10.792,1.0149
OND8_13_S24,OND8_13,PTR8,24,12,10.792,0.9919
OND8_14_S01,OND8_14,PTR8,1,1,10.808,0.9856
OND8_14_S02,OND8_14,PTR8,2,1,10.808,0.9979
OND8_14_S03,OND8_14,PTR8,3,2,10.808,1.0127
OND8_14_S04,OND8_14,PTR8,4,2,10.808,1.0065
OND8_14_S05,OND8_14,PTR8,5,3,10.808,0.9971
OND8_14_S06,OND8_14,PTR8,6,3,10.808,0.9779
OND8_14_S07,OND8_14,PTR8,7,4,10.808,1.0125
OND8_14_S08,OND8_14,PTR8,8,4,10.808,0.9813
OND8_14_S09,OND8_14,PTR8,9,5,10.808,0.9921
OND8_14_S10,OND8_14,PTR8,10,5,10.808,0.9967
OND8_14_S11,OND8_14,PTR8,11,6,10.808,1.0005
OND8_14_S12,OND8_14,PTR8,12,6,10.808,1.0035
OND8_14_S13,OND8_14,PTR8,13,7,10.808,0.9907
OND8_14_S14,OND8_14,PTR8,14,7,10.808,1.0013
OND8_14_S15,OND8_14,PTR8,15,8,10.808,0.9878
OND8_14_S16,OND8_14,PTR8,16,8,10.808,1.0141
OND8_14_S17,OND8_14,PTR8,17,9,10.808,1.0085
OND8_14_S18,OND8_14,PTR8,18,9,10.808,1.008
OND8_14_S19,OND8_14,PTR8,19,10,10.808,0.9918
OND8_14_S20,OND8_14,PTR8,20,10,10.808,0.9871
OND8_14_S21,OND8_14,PTR8,21,11,10.808,1.0156
OND8_14_S22,OND8_14,PTR8,22,11,10.808,0.9962
OND8_14_S23,OND8_14,PTR8,23,12,10.808,1.0027
OND8_14_S24,OND8_14,PTR8,24,12,10.808,0.9745
OND8_15_S01,OND8_15,PTR8,1,1,10.808,1.0193
OND8_15_S02,OND8_15,PTR8,2,1,10.808,1.0014
OND8_15_S03,OND8_15,PTR8,3,2,10.808,0.9875
OND8_15_S04,OND8_15,PTR8,4,2,10.808,0.9856
OND8_15_S05,OND8_15,PTR8,5,3,10.808,0.9722
OND8_15_S06,OND8_15,PTR8,6,3,10.808,0.9993
OND8_15_S07,OND8_15,PTR8,7,4,10.808,1.0073
OND8_15_S08,OND8_15,PTR8,8,4,10.808,0.9793
OND8_15_S09,OND8_15,PTR8,9,5,10.808,0.9956
OND8_15_S10,OND8_15,PTR8,10,5,10.808,1.0346
OND8_15_S11,OND8_15,PTR8,11,6,10.808,1.0093
OND8_15_S12,OND8_15,PTR8,12,6,10.808,1.002
OND8_15_S13,OND8_15,PTR8,13,7,10.808,0.9726
OND8_15_S14,OND8_15,PTR8,14,7,10.808,1.0
OND8_15_S15,OND8_15,PTR8,15,8,10.808,0.9958
OND8_15_S16,OND8_15,PTR8,16,8,10.808,1.0157
OND8_15_S17,OND8_15,PTR8,17,9,10.808,0.9951
OND8_15_S18,OND8_15,PTR8,18,9,10.808,0.9995
OND8_15_S19,OND8_15,PTR8,19,10,10.808,1.002
OND8_15_S20,OND8_15,PTR8,20,10,10.808,1.0181
OND8_15_S21,OND8_15,PTR8,21,11,10.808,1.0315
OND8_15_S22,OND8_15,PTR8,22,11,10.808,0.9954
OND8_15_S23,OND8_15,PTR8,23,12,10.808,0.9856
OND8_15_S24,OND8_15,PTR8,24,12,10.808,0.9832
OND8_16_S01,OND8_16,PTR8,1,1,10.808,0.9967
OND8_16_S02,OND8_16,PTR8,2,1,10.808,0.9994
OND8_16_S03,OND8_16,PTR8,3,2,10.808,1.0041
OND8_16_S04,OND8_16,PTR8,4,2,10.808,0.9854
OND8_16_S05,OND8_16,PTR8,5,3,10.808,0.9923
OND8_16_S06,OND8_16,PTR8,6,3,10.808,1.0142
OND8_16_S07,OND8_16,PTR8,7,4,10.808,0.9873
OND8_16_S08,OND8_16,PTR8,8,4,10.808,1.01
OND8_16_S09,OND8_16,PTR8,9,5,10.808,1.0127
OND8_16_S10,OND8_16,PTR8,10,5,10.808,1.0088
OND8_16_S11,OND8_16,PTR8,11,6,10.808,0.9975
OND8_16_S12,OND8_16,PTR8,12,6,10.808,1.0088
OND8_16_S13,OND8_16,PTR8,13,7,10.808,0.9944
OND8_16_S14,OND8_16,PTR8,14,7,10.808,1.0146
OND8_16_S15,OND8_16,PTR8,15,8,10.808,1.014
OND8_16_S16,OND8_16,PTR8,16,8,10.808,0.9973
OND8_16_S17,OND8_16,PTR8,17,9,10.808,1.0112
OND8_16_S18,OND8_16,PTR8,18,9,10.808,1.0227
OND8_16_S19,OND8_16,PTR8,19,10,10.808,1.013
OND8_16_S20,OND8_16,PTR8,20,10,10.808,0.9922
OND8_16_S21,OND8_16,PTR8,21,11,10.808,0.9955
OND8_16_S22,OND8_16,PTR8,22,11,10.808,1.019
OND8_16_S23,OND8_16,PTR8,23,12,10.808,0.9852
OND8_16_S24,OND8_16,PTR8,24,12,10.808,1.0152
OND9_1_S01,OND9_1,PTR9,1,1,10.833,1.0061
OND9_1_S02,OND9_1,PTR9,2,1,10.833,1.005
OND9_1_S03,OND9_1,PTR9,3,2,10.833,0.9865
OND9_1_S04,OND9_1,PTR9,4,2,10.833,0.9962
OND9_1_S05,OND9_1,PTR9,5,3,10.833,1.0199
OND9_1_S06,OND9_1,PTR9,6,3,10.833,0.9995
OND9_1_S07,OND9_1,PTR9,7,4,10.833,0.9902
OND9_1_S08,OND9_1,PTR9,8,4,10.833,1.0214
OND9_1_S09,OND9_1,PTR9,9,5,10.833,1.0125
OND9_1_S10,OND9_1,PTR9,10,5,10.833,1.002
OND9_1_S11,OND9_1,PTR9,11,6,10.833,0.9931
OND9_1_S12,OND9_1,PTR9,12,6,10.833,1.0019
OND9_1_S13,OND9_1,PTR9,13,7,10.833,1.0189
OND9_1_S14,OND9_1,PTR9,14,7,10.833,1.0052
OND9_1_S15,OND9_1,PTR9,15,8,10.833,0.9837
OND9_1_S16,OND9_1,PTR9,16,8,10.833,0.96
OND9_1_S17,OND9_1,PTR9,17,9,10.833,0.996
OND9_1_S18,OND9_1,PTR9,18,9,10.833,0.9953
OND9_1_S19,OND9_1,PTR9,19,10,10.833,0.9991
OND9_1_S20,OND9_1,PTR9,20,10,10.833,0.9737
OND9_1_S21,OND9_1,PTR9,21,11,10.833,1.0018
OND9_1_S22,OND9_1,PTR9,22,11,10.833,0.9895
OND9_1_S23,OND9_1,PTR9,23,12,10.833,0.991
OND9_1_S24,OND9_1,PTR9,24,12,10.833,0.9778
OND9_2_S01,OND9_2,PTR9,1,1,10.833,1.0103
OND9_2_S02,OND9_2,PTR9,2,1,10.833,0.9954
OND9_2_S03,OND9_2,PTR9,3,2,10.833,1.0128
OND9_2_S04,OND9_2,PTR9,4,2,10.833,1.0125
OND9_2_S05,OND9_2,PTR9,5,3,10.833,1.0123
OND9_2_S06,OND9_2,PTR9,6,3,10.833,1.0109
OND9_2_S07,OND9_2,PTR9,7,4,10.833,1.0149
OND9_2_S08,OND9_2,PTR9,8,4,10.833,1.0135
OND9_2_S09,OND9_2,PTR9,9,5,10.833,1.0003
OND9_2_S10,OND9_2,PTR9,10,5,10.833,0.9978
OND9_2_S11,OND9_2,PTR9,11,6,10.833,0.9742
OND9_2_S12,OND9_2,PTR9,12,6,10.833,0.9824
OND9_2_S13,OND9_2,PTR9,13,7,10.833,0.9937
OND9_2_S14,OND9_2,PTR9,14,7,10.833,0.9973
OND9_2_S15,OND9_2,PTR9,15,8,10.833,0.9854
OND9_2_S16,OND9_2,PTR9,16,8,10.833,0.9951
OND9_2_S17,OND9_2,PTR9,17,9,10.833,1.0371
OND9_2_S18,OND9_2,PTR9,18,9,10.833,0.9867
OND9_2_S19,OND9_2,PTR9,19,10,10.833,1.0001
OND9_2_S20,OND9_2,PTR9,20,10,10.833,1.0045
OND9_2_S21,OND9_2,PTR9,21,11,10.833,1.0152
OND9_2_S22,OND9_2,PTR9,22,11,10.833,0.9938
OND9_2_S23,OND9_2,PTR9,23,12,10.833,0.9963
OND9_2_S24,OND9_2,PTR9,24,12,10.833,1.0035
OND9_3_S01,OND9_3,PTR9,1,1,10.833,0.9776
OND9_3_S02,OND9_3,PTR9,2,1,10.833,1.0004
OND9_3_S03,OND9_3,PTR9,3,2,10.833,1.0021
OND9_3_S04,OND9_3,PTR9,4,2,10.833,0.9862
OND9_3_S05,OND9_3,PTR9,5,3,10.833,0.9731
OND9_3_S06,OND9_3,PTR9,6,3,10.833,0.9808
OND9_3_S07,OND9_3,PTR9,7,4,10.833,0.9847
OND9_3_S08,OND9_3,PTR9,8,4,10.833,0.9963
OND9_3_S09,OND9_3,PTR9,9,5,10.833,1.0105
OND9_3_S10,OND9_3,PTR9,10,5,10.833,1.0131
OND9_3_S11,OND9_3,PTR9,11,6,10.833,1.0054
OND9_3_S12,OND9_3,PTR9,12,6,10.833,0.9898
OND9_3_S13,OND9_3,PTR9,13,7,10.833,1.0113
OND9_3_S14,OND9_3,PTR9,14,7,10.833,1.0029
OND9_3_S15,OND9_3,PTR9,15,8,10.833,0.9687
OND9_3_S16,OND9_3,PTR9,16,8,10.833,1.0182
OND9_3_S17,OND9_3,PTR9,17,9,10.833,1.0014
OND9_3_S18,OND9_3,PTR9,18,9,10.833,0.9969
OND9_3_S19,OND9_3,PTR9,19,10,10.833,0.9715
OND9_3_S20,OND9_3,PTR9,20,10,10.833,1.0185
OND9_3_S21,OND9_3,PTR9,21,11,10.833,0.9723
OND9_3_S22,OND9_3,PTR9,22,11,10.833,1.0031
OND9_3_S23,OND9_3,PTR9,23,12,10.833,1.0017
OND9_3_S24,OND9_3,PTR9,24,12,10.833,0.9973
OND9_4_S01,OND9_4,PTR9,1,1,10.833,1.0098
OND9_4_S02,OND9_4,PTR9,2,1,10.833,0.9977
OND9_4_S03,OND9_4,PTR9,3,2,10.833,1.0064
OND9_4_S04,OND9_4,PTR9,4,2,10.833,1.0083
OND9_4_S05,OND9_4,PTR9,5,3,10.833,1.0014
OND9_4_S06,OND9_4,PTR9,6,3,10.833,1.0137
OND9_4_S07,OND9_4,PTR9,7,4,10.833,1.0135
OND9_4_S08,OND9_4,PTR9,8,4,10.833,1.0374
OND9_4_S09,OND9_4,PTR9,9,5,10.833,1.04
OND9_4_S10,OND9_4,PTR9,10,5,10.833,1.0397
OND9_4_S11,OND9_4,PTR9,11,6,10.833,0.9842
OND9_4_S12,OND9_4,PTR9,12,6,10.833,0.9924
OND9_4_S13,OND9_4,PTR9,13,7,10.833,0.9795
OND9_4_S14,OND9_4,PTR9,14,7,10.833,1.0142
OND9_4_S15,OND9_4,PTR9,15,8,10.833,1.003
OND9_4_S16,OND9_4,PTR9,16,8,10.833,0.994
OND9_4_S17,OND9_4,PTR9,17,9,10.833,1.0326
OND9_4_S18,OND9_4,PTR9,18,9,10.833,0.9746
OND9_4_S19,OND9_4,PTR9,19,10,10.833,0.9955
OND9_4_S20,OND9_4,PTR9,20,10,10.833,0.9936
OND9_4_S21,OND9_4,PTR9,21,11,10.833,0.9831
OND9_4_S22,OND9_4,PTR9,22,11,10.833,1.0072
OND9_4_S23,OND9_4,PTR9,23,12,10.833,0.988
OND9_4_S24,OND9_4,PTR9,24,12,10.833,1.0163
OND9_5_S01,OND9_5,PTR9,1,1,10.833,1.0253
OND9_5_S02,OND9_5,PTR9,2,1,10.833,1.0333
OND9_5_S03,OND9_5,PTR9,3,2,10.833,0.9716
OND9_5_S04,OND9_5,PTR9,4,2,10.833,1.017
OND9_5_S05,OND9_5,PTR9,5,3,10.833,1.0135
OND9_5_S06,OND9_5,PTR9,6,3,10.833,1.0267
OND9_5_S07,OND9_5,PTR9,7,4,10.833,0.9882
OND9_5_S08,OND9_5,PTR9,8,4,10.833,1.008
OND9_5_S09,OND9_5,PTR9,9,5,10.833,1.0063
OND9_5_S10,OND9_5,PTR9,10,5,10.833,0.9813
OND9_5_S11,OND9_5,PTR9,11,6,10.833,1.0065
OND9_5_S12,OND9_5,PTR9,12,6,10.833,0.9909
OND9_5_S13,OND9_5,PTR9,13,7,10.833,0.9929
OND9_5_S14,OND9_5,PTR9,14,7,10.833,0.9969
OND9_5_S15,OND9_5,PTR9,15,8,10.833,1.0277
OND9_5_S16,OND9_5,PTR9,16,8,10.833,0.9961
OND9_5_S17,OND9_5,PTR9,17,9,10.833,0.9894
OND9_5_S18,OND9_5,PTR9,18,9,10.833,1.0136
OND9_5_S19,OND9_5,PTR9,19,10,10.833,1.0089
OND9_5_S20,OND9_5,PTR9,20,10,10.833,0.9979
OND9_5_S21,OND9_5,PTR9,21,11,10.833,0.9945
OND9_5_S22,OND9_5,PTR9,22,11,10.833,0.9879
OND9_5_S23,OND9_5,PTR9,23,12,10.833,0.9913
OND9_5_S24,OND9_5,PTR9,24,12,10.833,1.021
OND9_6_S01,OND9_6,PTR9,1,1,10.833,0.9742
OND9_6_S02,OND9_6,PTR9,2,1,10.833,1.0077
OND9_6_S03,OND9_6,PTR9,3,2,10.833,1.0169
OND9_6_S04,OND9_6,PTR9,4,2,10.833,1.0148
OND9_6_S05,OND9_6,PTR9,5,3,10.833,0.9965
OND9_6_S06,OND9_6,PTR9,6,3,10.833,1.0004
OND9_6_S07,OND9_6,PTR9,7,4,10.833,1.0
OND9_6_S08,OND9_6,PTR9,8,4,10.833,0.9916
OND9_6_S09,OND9_6,PTR9,9,5,10.833,1.0207
OND9_6_S10,OND9_6,PTR9,10,5,10.833,0.9823
OND9_6_S11,OND9_6,PTR9,11,6,10.833,1.0117
OND9_6_S12,OND9_6,PTR9,12,6,10.833,1.0187
OND9_6_S13,OND9_6,PTR9,13,7,10.833,0.9939
OND9_6_S14,OND9_6,PTR9,14,7,10.833,1.0029
OND9_6_S15,OND9_6,PTR9,15,8,10.833,1.0245
OND9_6_S16,OND9_6,PTR9,16,8,10.833,0.9942
OND9_6_S17,OND9_6,PTR9,17,9,10.833,1.0133
OND9_6_S18,OND9_6,PTR9,18,9,10.833,1.0033
OND9_6_S19,OND9_6,PTR9,19,10,10.833,1.0217
OND9_6_S20,OND9_6,PTR9,20,10,10.833,1.0197
OND9_6_S21,OND9_6,PTR9,21,11,10.833,1.0076
OND9_6_S22,OND9_6,PTR9,22,11,10.833,1.011
OND9_6_S23,OND9_6,PTR9,23,12,10.833,0.971
OND9_6_S24,OND9_6,PTR9,24,12,10.833,0.9989
OND9_7_S01,OND9_7,PTR9,1,1,10.833,0.9923
OND9_7_S02,OND9_7,PTR9,2,1,10.833,0.9771
OND9_7_S03,OND9_7,PTR9,3,2,10.833,1.013
OND9_7_S04,OND9_7,PTR9,4,2,10.833,1.0119
OND9_7_S05,OND9_7,PTR9,5,3,10.833,0.9909
OND9_7_S06,OND9_7,PTR9,6,3,10.833,1.031
OND9_7_S07,OND9_7,PTR9,7,4,10.833,0.9868
OND9_7_S08,OND9_7,PTR9,8,4,10.833,0.9796
OND9_7_S09,OND9_7,PTR9,9,5,10.833,1.0092
OND9_7_S10,OND9_7,PTR9,10,5,10.833,0.994
OND9_7_S11,OND9_7,PTR9,11,6,10.833,0.9932
OND9_7_S12,OND9_7,PTR9,12,6,10.833,0.9889
OND9_7_S13,OND9_7,PTR9,13,7,10.833,0.9947
OND9_7_S14,OND9_7,PTR9,14,7,10.833,1.026
OND9_7_S15,OND9_7,PTR9,15,8,10.833,0.9972
OND9_7_S16,OND9_7,PTR9,16,8,10.833,1.0162
OND9_7_S17,OND9_7,PTR9,17,9,10.833,1.0117
OND9_7_S18,OND9_7,PTR9,18,9,10.833,0.9837
OND9_7_S19,OND9_7,PTR9,19,10,10.833,1.0054
OND9_7_S20,OND9_7,PTR9,20,10,10.833,1.0052
OND9_7_S21,OND9_7,PTR9,21,11,10.833,0.9839
OND9_7_S22,OND9_7,PTR9,22,11,10.833,1.0046
OND9_7_S23,OND9_7,PTR9,23,12,10.833,0.994
OND9_7_S24,OND9_7,PTR9,24,12,10.833,0.9934
OND9_8_S01,OND9_8,PTR9,1,1,10.833,0.974
OND9_8_S02,OND9_8,PTR9,2,1,10.833,0.9629
OND9_8_S03,OND9_8,PTR9,3,2,10.833,0.9884
OND9_8_S04,OND9_8,PTR9,4,2,10.833,1.0028
OND9_8_S05,OND9_8,PTR9,5,3,10.833,1.0019
OND9_8_S06,OND9_8,PTR9,6,3,10.833,0.997
OND9_8_S07,OND9_8,PTR9,7,4,10.833,1.0102
OND9_8_S08,OND9_8,PTR9,8,4,10.833,1.015
OND9_8_S09,OND9_8,PTR9,9,5,10.833,0.9904
OND9_8_S10,OND9_8,PTR9,10,5,10.833,0.9868
OND9_8_S11,OND9_8,PTR9,11,6,10.833,0.9946
OND9_8_S12,OND9_8,PTR9,12,6,10.833,0.9945
OND9_8_S13,OND9_8,PTR9,13,7,10.833,0.9847
OND9_8_S14,OND9_8,PTR9,14,7,10.833,1.015
OND9_8_S15,OND9_8,PTR9,15,8,10.833,1.0138
OND9_8_S16,OND9_8,PTR9,16,8,10.833,1.0098
OND9_8_S17,OND9_8,PTR9,17,9,10.833,0.9986
OND9_8_S18,OND9_8,PTR9,18,9,10.833,1.0129
OND9_8_S19,OND9_8,PTR9,19,10,10.833,1.0252
OND9_8_S20,OND9_8,PTR9,20,10,10.833,0.9879
OND9_8_S21,OND9_8,PTR9,21,11,10.833,0.9852
OND9_8_S22,OND9_8,PTR9,22,11,10.833,1.0012
OND9_8_S23,OND9_8,PTR9,23,12,10.833,0.9975
OND9_8_S24,OND9_8,PTR9,24,12,10.833,1.0236
OND9_9_S01,OND9_9,PTR9,1,1,10.833,0.9962
OND9_9_S02,OND9_9,PTR9,2,1,10.833,0.9751
OND9_9_S03,OND9_9,PTR9,3,2,10.833,0.9846
OND9_9_S04,OND9_9,PTR9,4,2,10.833,1.0151
OND9_9_S05,OND9_9,PTR9,5,3,10.833,1.0073
OND9_9_S06,OND9_9,PTR9,6,3,10.833,1.0239
OND9_9_S07,OND9_9,PTR9,7,4,10.833,0.9868
OND9_9_S08,OND9_9,PTR9,8,4,10.833,1.0038
OND9_9_S09,OND9_9,PTR9,9,5,10.833,1.0157
OND9_9_S10,OND9_9,PTR9,10,5,10.833,1.0026
OND9_9_S11,OND9_9,PTR9,11,6,10.833,0.9719
OND9_9_S12,OND9_9,PTR9,12,6,10.833,1.0021
OND9_9_S13,OND9_9,PTR9,13,7,10.833,0.9825
OND9_9_S14,OND9_9,PTR9,14,7,10.833,0.984
OND9_9_S15,OND9_9,PTR9,15,8,10.833,1.0327
OND9_9_S16,OND9_9,PTR9,16,8,10.833,0.9877
OND9_9_S17,OND9_9,PTR9,17,9,10.833,1.0163
OND9_9_S18,OND9_9,PTR9,18,9,10.833,0.9969
OND9_9_S19,OND9_9,PTR9,19,10,10.833,1.0081
OND9_9_S20,OND9_9,PTR9,20,10,10.833,0.9952
OND9_9_S21,OND9_9,PTR9,21,11,10.833,0.9917
OND9_9_S22,OND9_9,PTR9,22,11,10.833,0.9976
OND9_9_S23,OND9_9,PTR9,23,12,10.833,1.0015
OND9_9_S24,OND9_9,PTR9,24,12,10.833,0.999
OND9_10_S01,OND9_10,PTR9,1,1,10.833,0.9932
OND9_10_S02,OND9_10,PTR9,2,1,10.833,0.9928
OND9_10_S03,OND9_10,PTR9,3,2,10.833,1.0058
OND9_10_S04,OND9_10,PTR9,4,2,10.833,0.9812
OND9_10_S05,OND9_10,PTR9,5,3,10.833,0.9933
OND9_10_S06,OND9_10,PTR9,6,3,10.833,0.9838
OND9_10_S07,OND9_10,PTR9,7,4,10.833,1.0184
OND9_10_S08,OND9_10,PTR9,8,4,10.833,1.0075
OND9_10_S09,OND9_10,PTR9,9,5,10.833,1.0005
OND9_10_S10,OND9_10,PTR9,10,5,10.833,0.9883
OND9_10_S11,OND9_10,PTR9,11,6,10.833,1.0069
OND9_10_S12,OND9_10,PTR9,12,6,10.833,1.0221
OND9_10_S13,OND9_10,PTR9,13,7,10.833,0.9834
OND9_10_S14,OND9_10,PTR9,14,7,10.833,1.011
OND9_10_S15,OND9_10,PTR9,15,8,10.833,1.0145
OND9_10_S16,OND9_10,PTR9,16,8,10.833,0.996
OND9_10_S17,OND9_10,PTR9,17,9,10.833,0.96
OND9_10_S18,OND9_10,PTR9,18,9,10.833,1.0272
OND9_10_S19,OND9_10,PTR9,19,10,10.833,0.971
OND9_10_S20,OND9_10,PTR9,20,10,10.833,1.0069
OND9_10_S21,OND9_10,PTR9,21,11,10.833,0.9932
OND9_10_S22,OND9_10,PTR9,22,11,10.833,1.0183
OND9_10_S23,OND9_10,PTR9,23,12,10.833,1.007
OND9_10_S24,OND9_10,PTR9,24,12,10.833,0.984
OND9_11_S01,OND9_11,PTR9,1,1,10.833,1.006
OND9_11_S02,OND9_11,PTR9,2,1,10.833,0.9968
OND9_11_S03,OND9_11,PTR9,3,2,10.833,0.9995
OND9_11_S04,OND9_11,PTR9,4,2,10.833,0.9739
OND9_11_S05,OND9_11,PTR9,5,3,10.833,1.009
OND9_11_S06,OND9_11,PTR9,6,3,10.833,1.0188
OND9_11_S07,OND9_11,PTR9,7,4,10.833,1.0097
OND9_11_S08,OND9_11,PTR9,8,4,10.833,0.994
OND9_11_S09,OND9_11,PTR9,9,5,10.833,0.9748
OND9_11_S10,OND9_11,PTR9,10,5,10.833,1.0145
OND9_11_S11,OND9_11,PTR9,11,6,10.833,0.9875
OND9_11_S12,OND9_11,PTR9,12,6,10.833,0.9774
OND9_11_S13,OND9_11,PTR9,13,7,10.833,1.0034
OND9_11_S14,OND9_11,PTR9,14,7,10.833,1.0045
OND9_11_S15,OND9_11,PTR9,15,8,10.833,0.9962
OND9_11_S16,OND9_11,PTR9,16,8,10.833,0.9916
OND9_11_S17,OND9_11,PTR9,17,9,10.833,1.0094
OND9_11_S18,OND9_11,PTR9,18,9,10.833,1.0024
OND9_11_S19,OND9_11,PTR9,19,10,10.833,0.9928
OND9_11_S20,OND9_11,PTR9,20,10,10.833,0.9879
OND9_11_S21,OND9_11,PTR9,21,11,10.833,1.0274
OND9_11_S22,OND9_11,PTR9,22,11,10.833,1.0193
OND9_11_S23,OND9_11,PTR9,23,12,10.833,1.0063
OND9_11_S24,OND9_11,PTR9,24,12,10.833,0.9959
OND9_12_S01,OND9_12,PTR9,1,1,10.808,1.0049
OND9_12_S02,OND9_12,PTR9,2,1,10.808,1.0223
OND9_12_S03,OND9_12,PTR9,3,2,10.808,1.0037
OND9_12_S04,OND9_12,PTR9,4,2,10.808,0.9887
OND9_12_S05,OND9_12,PTR9,5,3,10.808,0.9853
OND9_12_S06,OND9_12,PTR9,6,3,10.808,1.005
OND9_12_S07,OND9_12,PTR9,7,4,10.808,0.9946
OND9_12_S08,OND9_12,PTR9,8,4,10.808,0.9948
OND9_12_S09,OND9_12,PTR9,9,5,10.808,1.0043
OND9_12_S10,OND9_12,PTR9,10,5,10.808,1.0169
OND9_12_S11,OND9_12,PTR9,11,6,10.808,0.9895
OND9_12_S12,OND9_12,PTR9,12,6,10.808,1.0022
OND9_12_S13,OND9_12,PTR9,13,7,10.808,1.0235
OND9_12_S14,OND9_12,PTR9,14,7,10.808,1.0119
OND9_12_S15,OND9_12,PTR9,15,8,10.808,1.0134
OND9_12_S16,OND9_12,PTR9,16,8,10.808,0.9755
OND9_12_S17,OND9_12,PTR9,17,9,10.808,0.9904
OND9_12_S18,OND9_12,PTR9,18,9,10.808,1.0107
OND9_12_S19,OND9_12,PTR9,19,10,10.808,1.0093
OND9_12_S20,OND9_12,PTR9,20,10,10.808,0.9993
OND9_12_S21,OND9_12,PTR9,21,11,10.808,1.0098
OND9_12_S22,OND9_12,PTR9,22,11,10.808,1.0284
OND9_12_S23,OND9_12,PTR9,23,12,10.808,0.9932
OND9_12_S24,OND9_12,PTR9,24,12,10.808,1.0025
OND9_13_S01,OND9_13,PTR9,1,1,10.808,1.0114
OND9_13_S02,OND9_13,PTR9,2,1,10.808,0.9938
OND9_13_S03,OND9_13,PTR9,3,2,10.808,0.9771
OND9_13_S04,OND9_13,PTR9,4,2,10.808,1.0019
OND9_13_S05,OND9_13,PTR9,5,3,10.808,0.9931
OND9_13_S06,OND9_13,PTR9,6,3,10.808,0.9882
OND9_13_S07,OND9_13,PTR9,7,4,10.808,0.9958
OND9_13_S08,OND9_13,PTR9,8,4,10.808,0.9962
OND9_13_S09,OND9_13,PTR9,9,5,10.808,1.0153
OND9_13_S10,OND9_13,PTR9,10,5,10.808,0.9989
OND9_13_S11,OND9_13,PTR9,11,6,10.808,0.9907
OND9_13_S12,OND9_13,PTR9,12,6,10.808,1.0078
OND9_13_S13,OND9_13,PTR9,13,7,10.808,1.0211
OND9_13_S14,OND9_13,PTR9,14,7,10.808,1.0087
OND9_13_S15,OND9_13,PTR9,15,8,10.808,1.0074
OND9_13_S16,OND9_13,PTR9,16,8,10.808,1.022
OND9_13_S17,OND9_13,PTR9,17,9,10.808,0.9796
OND9_13_S18,OND9_13,PTR9,18,9,10.808,0.9968
OND9_13_S19,OND9_13,PTR9,19,10,10.808,1.0107
OND9_13_S20,OND9_13,PTR9,20,10,10.808,0.9919
OND9_13_S21,OND9_13,PTR9,21,11,10.808,0.9694
OND9_13_S22,OND9_13,PTR9,22,11,10.808,0.9768
OND9_13_S23,OND9_13,PTR9,23,12,10.808,0.968
OND9_13_S24,OND9_13,PTR9,24,12,10.808,0.9905
OND9_14_S01,OND9_14,PTR9,1,1,10.808,1.0165
OND9_14_S02,OND9_14,PTR9,2,1,10.808,1.0023
OND9_14_S03,OND9_14,PTR9,3,2,10.808,1.02
OND9_14_S04,OND9_14,PTR9,4,2,10.808,1.0083
OND9_14_S05,OND9_14,PTR9,5,3,10.808,1.0043
OND9_14_S06,OND9_14,PTR9,6,3,10.808,1.0092
OND9_14_S07,OND9_14,PTR9,7,4,10.808,0.9923
OND9_14_S08,OND9_14,PTR9,8,4,10.808,0.9609
OND9_14_S09,OND9_14,PTR9,9,5,10.808,1.0009
OND9_14_S10,OND9_14,PTR9,10,5,10.808,0.9937
OND9_14_S11,OND9_14,PTR9,11,6,10.808,0.9896
OND9_14_S12,OND9_14,PTR9,12,6,10.808,0.9991
OND9_14_S13,OND9_14,PTR9,13,7,10.808,1.003
OND9_14_S14,OND9_14,PTR9,14,7,10.808,1.0074
OND9_14_S15,OND9_14,PTR9,15,8,10.808,1.0025
OND9_14_S16,OND9_14,PTR9,16,8,10.808,1.0289
OND9_14_S17,OND9_14,PTR9,17,9,10.808,0.9897
OND9_14_S18,OND9_14,PTR9,18,9,10.808,1.0308
OND9_14_S19,OND9_14,PTR9,19,10,10.808,0.9837
OND9_14_S20,OND9_14,PTR9,20,10,10.808,1.0068
OND9_14_S21,OND9_14,PTR9,21,11,10.808,1.0014
OND9_14_S22,OND9_14,PTR9,22,11,10.808,1.0127
OND9_14_S23,OND9_14,PTR9,23,12,10.808,0.9794
OND9_14_S24,OND9_14,PTR9,24,12,10.808,1.0151
OND9_15_S01,OND9_15,PTR9,1,1,10.808,0.9755
OND9_15_S02,OND9_15,PTR9,2,1,10.808,1.0117
OND9_15_S03,OND9_15,PTR9,3,2,10.808,1.002
OND9_15_S04,OND9_15,PTR9,4,2,10.808,1.0172
OND9_15_S05,OND9_15,PTR9,5,3,10.808,1.0211
OND9_15_S06,OND9_15,PTR9,6,3,10.808,1.0041
OND9_15_S07,OND9_15,PTR9,7,4,10.808,0.9697
OND9_15_S08,OND9_15,PTR9,8,4,10.808,0.9817
OND9_15_S09,OND9_15,PTR9,9,5,10.808,1.0052
OND9_15_S10,OND9_15,PTR9,10,5,10.808,1.0189
OND9_15_S11,OND9_15,PTR9,11,6,10.808,1.0022
OND9_15_S12,OND9_15,PTR9,12,6,10.808,1.0229
OND9_15_S13,OND9_15,PTR9,13,7,10.808,1.0134
OND9_15_S14,OND9_15,PTR9,14,7,10.808,0.9935
OND9_15_S15,OND9_15,PTR9,15,8,10.808,0.9863
OND9_15_S16,OND9_15,PTR9,16,8,10.808,1.0018
OND9_15_S17,OND9_15,PTR9,17,9,10.808,1.0092
OND9_15_S18,OND9_15,PTR9,18,9,10.808,1.0158
OND9_15_S19,OND9_15,PTR9,19,10,10.808,1.0013
OND9_15_S20,OND9_15,PTR9,20,10,10.808,0.977
OND9_15_S21,OND9_15,PTR9,21,11,10.808,0.9933
OND9_15_S22,OND9_15,PTR9,22,11,10.808,1.0164
OND9_15_S23,OND9_15,PTR9,23,12,10.808,0.992
OND9_15_S24,OND9_15,PTR9,24,12,10.808,0.9868
OND10_1_S01,OND10_1,PTR10,1,1,10.833,1.0027
OND10_1_S02,OND10_1,PTR10,2,1,10.833,1.0004
OND10_1_S03,OND10_1,PTR10,3,2,10.833,1.0019
OND10_1_S04,OND10_1,PTR10,4,2,10.833,0.9924
OND10_1_S05,OND10_1,PTR10,5,3,10.833,1.0
OND10_1_S06,OND10_1,PTR10,6,3,10.833,0.992
OND10_1_S07,OND10_1,PTR10,7,4,10.833,0.9955
OND10_1_S08,OND10_1,PTR10,8,4,10.833,1.0171
OND10_1_S09,OND10_1,PTR10,9,5,10.833,0.9985
OND10_1_S10,OND10_1,PTR10,10,5,10.833,0.992
OND10_1_S11,OND10_1,PTR10,11,6,10.833,1.0017
OND10_1_S12,OND10_1,PTR10,12,6,10.833,0.9982
OND10_1_S13,OND10_1,PTR10,13,7,10.833,0.9995
OND10_1_S14,OND10_1,PTR10,14,7,10.833,0.9903
OND10_1_S15,OND10_1,PTR10,15,8,10.833,0.9945
OND10_1_S16,OND10_1,PTR10,16,8,10.833,0.9927
OND10_1_S17,OND10_1,PTR10,17,9,10.833,0.96
OND10_1_S18,OND10_1,PTR10,18,9,10.833,1.0094
OND10_1_S19,OND10_1,PTR10,19,10,10.833,0.9999
OND10_1_S20,OND10_1,PTR10,20,10,10.833,1.0222
OND10_1_S21,OND10_1,PTR10,21,11,10.833,0.992
OND10_1_S22,OND10_1,PTR10,22,11,10.833,0.998
OND10_1_S23,OND10_1,PTR10,23,12,10.833,0.9778
OND10_1_S24,OND10_1,PTR10,24,12,10.833,1.0019
OND10_2_S01,OND10_2,PTR10,1,1,10.833,0.9916
OND10_2_S02,OND10_2,PTR10,2,1,10.833,1.0114
OND10_2_S03,OND10_2,PTR10,3,2,10.833,1.0084
OND10_2_S04,OND10_2,PTR10,4,2,10.833,1.0255
OND10_2_S05,OND10_2,PTR10,5,3,10.833,1.0249
OND10_2_S06,OND10_2,PTR10,6,3,10.833,0.982
OND10_2_S07,OND10_2,PTR10,7,4,10.833,0.9882
OND10_2_S08,OND10_2,PTR10,8,4,10.833,1.04
OND10_2_S09,OND10_2,PTR10,9,5,10.833,1.003
OND10_2_S10,OND10_2,PTR10,10,5,10.833,0.9953
OND10_2_S11,OND10_2,PTR10,11,6,10.833,1.0037
OND10_2_S12,OND10_2,PTR10,12,6,10.833,1.0066
OND10_2_S13,OND10_2,PTR10,13,7,10.833,0.985
OND10_2_S14,OND10_2,PTR10,14,7,10.833,0.9967
OND10_2_S15,OND10_2,PTR10,15,8,10.833,1.0175
OND10_2_S16,OND10_2,PTR10,16,8,10.833,0.995
OND10_2_S17,OND10_2,PTR10,17,9,10.833,1.0137
OND10_2_S18,OND10_2,PTR10,18,9,10.833,1.0106
OND10_2_S19,OND10_2,PTR10,19,10,10.833,1.0027
OND10_2_S20,OND10_2,PTR10,20,10,10.833,1.0109
OND10_2_S21,OND10_2,PTR10,21,11,10.833,1.0212
OND10_2_S22,OND10_2,PTR10,22,11,10.833,0.9939
OND10_2_S23,OND10_2,PTR10,23,12,10.833,1.0073
OND10_2_S24,OND10_2,PTR10,24,12,10.833,0.9993
OND10_3_S01,OND10_3,PTR10,1,1,10.833,1.0025
OND10_3_S02,OND10_3,PTR10,2,1,10.833,1.0096
OND10_3_S03,OND10_3,PTR10,3,2,10.833,0.977
OND10_3_S04,OND10_3,PTR10,4,2,10.833,0.9894
OND10_3_S05,OND10_3,PTR10,5,3,10.833,1.0197
OND10_3_S06,OND10_3,PTR10,6,3,10.833,0.9814
OND10_3_S07,OND10_3,PTR10,7,4,10.833,1.0239
OND10_3_S08,OND10_3,PTR10,8,4,10.833,0.999
OND10_3_S09,OND10_3,PTR10,9,5,10.833,1.0016
OND10_3_S10,OND10_3,PTR10,10,5,10.833,0.9999
OND10_3_S11,OND10_3,PTR10,11,6,10.833,0.9856
OND10_3_S12,OND10_3,PTR10,12,6,10.833,0.9912
OND10_3_S13,OND10_3,PTR10,13,7,10.833,1.0174
OND10_3_S14,OND10_3,PTR10,14,7,10.833,1.0033
OND10_3_S15,OND10_3,PTR10,15,8,10.833,1.0339
OND10_3_S16,OND10_3,PTR10,16,8,10.833,1.001
OND10_3_S17,OND10_3,PTR10,17,9,10.833,1.0257
OND10_3_S18,OND10_3,PTR10,18,9,10.833,0.9863
OND10_3_S19,OND10_3,PTR10,19,10,10.833,1.0025
OND10_3_S20,OND10_3,PTR10,20,10,10.833,0.9893
OND10_3_S21,OND10_3,PTR10,21,11,10.833,0.9722
OND10_3_S22,OND10_3,PTR10,22,11,10.833,0.9969
OND10_3_S23,OND10_3,PTR10,23,12,10.833,0.9994
OND10_3_S24,OND10_3,PTR10,24,12,10.833,1.0066
OND10_4_S01,OND10_4,PTR10,1,1,10.833,1.0069
OND10_4_S02,OND10_4,PTR10,2,1,10.833,0.9991
OND10_4_S03,OND10_4,PTR10,3,2,10.833,1.0028
OND10_4_S04,OND10_4,PTR10,4,2,10.833,0.9878
OND10_4_S05,OND10_4,PTR10,5,3,10.833,1.0297
OND10_4_S06,OND10_4,PTR10,6,3,10.833,0.9922
OND10_4_S07,OND10_4,PTR10,7,4,10.833,1.0191
OND10_4_S08,OND10_4,PTR10,8,4,10.833,1.0349
OND10_4_S09,OND10_4,PTR10,9,5,10.833,1.0067
OND10_4_S10,OND10_4,PTR10,10,5,10.833,1.0125
OND10_4_S11,OND10_4,PTR10,11,6,10.833,0.9867
OND10_4_S12,OND10_4,PTR10,12,6,10.833,1.0165
OND10_4_S13,OND10_4,PTR10,13,7,10.833,0.9802
OND10_4_S14,OND10_4,PTR10,14,7,10.833,1.0026
OND10_4_S15,OND10_4,PTR10,15,8,10.833,1.0048
OND10_4_S16,OND10_4,PTR10,16,8,10.833,0.992
OND10_4_S17,OND10_4,PTR10,17,9,10.833,1.0197
OND10_4_S18,OND10_4,PTR10,18,9,10.833,0.9852
OND10_4_S19,OND10_4,PTR10,19,10,10.833,1.0217
OND10_4_S20,OND10_4,PTR10,20,10,10.833,0.9939
OND10_4_S21,OND10_4,PTR10,21,11,10.833,1.0033
OND10_4_S22,OND10_4,PTR10,22,11,10.833,1.0103
OND10_4_S23,OND10_4,PTR10,23,12,10.833,0.9858
OND10_4_S24,OND10_4,PTR10,24,12,10.833,0.9842
OND10_5_S01,OND10_5,PTR10,1,1,10.833,1.0187
OND10_5_S02,OND10_5,PTR10,2,1,10.833,0.9844
OND10_5_S03,OND10_5,PTR10,3,2,10.833,1.0072
OND10_5_S04,OND10_5,PTR10,4,2,10.833,1.0024
OND10_5_S05,OND10_5,PTR10,5,3,10.833,0.9918
OND10_5_S06,OND10_5,PTR10,6,3,10.833,1.0116
OND10_5_S07,OND10_5,PTR10,7,4,10.833,0.9932
OND10_5_S08,OND10_5,PTR10,8,4,10.833,0.9915
OND10_5_S09,OND10_5,PTR10,9,5,10.833,0.9803
OND10_5_S10,OND10_5,PTR10,10,5,10.833,1.0004
OND10_5_S11,OND10_5,PTR10,11,6,10.833,0.9989
OND10_5_S12,OND10_5,PTR10,12,6,10.833,1.0022
OND10_5_S13,OND10_5,PTR10,13,7,10.833,1.0165
OND10_5_S14,OND10_5,PTR10,14,7,10.833,1.0217
OND10_5_S15,OND10_5,PTR10,15,8,10.833,1.0142
OND10_5_S16,OND10_5,PTR10,16,8,10.833,0.985
OND10_5_S17,OND10_5,PTR10,17,9,10.833,1.0015
OND10_5_S18,OND10_5,PTR10,18,9,10.833,1.0086
OND10_5_S19,OND10_5,PTR10,19,10,10.833,1.0257
OND10_5_S20,OND10_5,PTR10,20,10,10.833,0.9941
OND10_5_S21,OND10_5,PTR10,21,11,10.833,0.9995
OND10_5_S22,OND10_5,PTR10,22,11,10.833,0.9998
OND10_5_S23,OND10_5,PTR10,23,12,10.833,0.997
OND10_5_S24,OND10_5,PTR10,24,12,10.833,1.0004
OND10_6_S01,OND10_6,PTR10,1,1,10.833,1.0071
OND10_6_S02,OND10_6,PTR10,2,1,10.833,1.0087
OND10_6_S03,OND10_6,PTR10,3,2,10.833,1.0074
OND10_6_S04,OND10_6,PTR10,4,2,10.833,1.0033
OND10_6_S05,OND10_6,PTR10,5,3,10.833,1.0293
OND10_6_S06,OND10_6,PTR10,6,3,10.833,0.9999
OND10_6_S07,OND10_6,PTR10,7,4,10.833,1.006
OND10_6_S08,OND10_6,PTR10,8,4,10.833,0.9871
OND10_6_S09,OND10_6,PTR10,9,5,10.833,1.0255
OND10_6_S10,OND10_6,PTR10,10,5,10.833,0.9876
OND10_6_S11,OND10_6,PTR10,11,6,10.833,0.9886
OND10_6_S12,OND10_6,PTR10,12,6,10.833,1.0033
OND10_6_S13,OND10_6,PTR10,13,7,10.833,0.9995
OND10_6_S14,OND10_6,PTR10,14,7,10.833,0.9865
OND10_6_S15,OND10_6,PTR10,15,8,10.833,0.9952
OND10_6_S16,OND10_6,PTR10,16,8,10.833,1.0001
OND10_6_S17,OND10_6,PTR10,17,9,10.833,1.0229
OND10_6_S18,OND10_6,PTR10,18,9,10.833,1.0132
OND10_6_S19,OND10_6,PTR10,19,10,10.833,0.9927
OND10_6_S20,OND10_6,PTR10,20,10,10.833,1.0392
OND10_6_S21,OND10_6,PTR10,21,11,10.833,0.987
OND10_6_S22,OND10_6,PTR10,22,11,10.833,0.9956
OND10_6_S23,OND10_6,PTR10,23,12,10.833,0.9782
OND10_6_S24,OND10_6,PTR10,24,12,10.833,0.9901
OND10_7_S01,OND10_7,PTR10,1,1,10.833,0.9981
OND10_7_S02,OND10_7,PTR10,2,1,10.833,1.0004
OND10_7_S03,OND10_7,PTR10,3,2,10.833,1.0044
OND10_7_S04,OND10_7,PTR10,4,2,10.833,0.9823
OND10_7_S05,OND10_7,PTR10,5,3,10.833,1.0242
OND10_7_S06,OND10_7,PTR10,6,3,10.833,1.0
OND10_7_S07,OND10_7,PTR10,7,4,10.833,0.9982
OND10_7_S08,OND10_7,PTR10,8,4,10.833,1.005
OND10_7_S09,OND10_7,PTR10,9,5,10.833,1.0005
OND10_7_S10,OND10_7,PTR10,10,5,10.833,0.9793
OND10_7_S11,OND10_7,PTR10,11,6,10.833,1.0197
OND10_7_S12,OND10_7,PTR10,12,6,10.833,1.0103
OND10_7_S13,OND10_7,PTR10,13,7,10.833,0.9894
OND10_7_S14,OND10_7,PTR10,14,7,10.833,0.9924
OND10_7_S15,OND10_7,PTR10,15,8,10.833,0.9998
OND10_7_S16,OND10_7,PTR10,16,8,10.833,0.9642
OND10_7_S17,OND10_7,PTR10,17,9,10.833,0.9816
OND10_7_S18,OND10_7,PTR10,18,9,10.833,1.0214
OND10_7_S19,OND10_7,PTR10,19,10,10.833,1.0019
OND10_7_S20,OND10_7,PTR10,20,10,10.833,0.998
OND10_7_S21,OND10_7,PTR10,21,11,10.833,1.0114
OND10_7_S22,OND10_7,PTR10,22,11,10.833,0.998
OND10_7_S23,OND10_7,PTR10,23,12,10.833,0.9868
OND10_7_S24,OND10_7,PTR10,24,12,10.833,0.9848
OND10_8_S01,OND10_8,PTR10,1,1,10.833,1.0328
OND10_8_S02,OND10_8,PTR10,2,1,10.833,0.9672
OND10_8_S03,OND10_8,PTR10,3,2,10.833,1.0128
OND10_8_S04,OND10_8,PTR10,4,2,10.833,0.9964
OND10_8_S05,OND10_8,PTR10,5,3,10.833,0.9967
OND10_8_S06,OND10_8,PTR10,6,3,10.833,0.9727
OND10_8_S07,OND10_8,PTR10,7,4,10.833,1.0136
OND10_8_S08,OND10_8,PTR10,8,4,10.833,0.9952
OND10_8_S09,OND10_8,PTR10,9,5,10.833,0.9793
OND10_8_S10,OND10_8,PTR10,10,5,10.833,1.0096
OND10_8_S11,OND10_8,PTR10,11,6,10.833,0.9956
OND10_8_S12,OND10_8,PTR10,12,6,10.833,1.04
OND10_8_S13,OND10_8,PTR10,13,7,10.833,0.9786
OND10_8_S14,OND10_8,PTR10,14,7,10.833,1.0022
OND10_8_S15,OND10_8,PTR10,15,8,10.833,1.0045
OND10_8_S16,OND10_8,PTR10,16,8,10.833,1.0085
OND10_8_S17,OND10_8,PTR10,17,9,10.833,1.0066
OND10_8_S18,OND10_8,PTR10,18,9,10.833,1.0136
OND10_8_S19,OND10_8,PTR10,19,10,10.833,0.9753
OND10_8_S20,OND10_8,PTR10,20,10,10.833,1.0062
OND10_8_S21,OND10_8,PTR10,21,11,10.833,1.0114
OND10_8_S22,OND10_8,PTR10,22,11,10.833,0.9775
OND10_8_S23,OND10_8,PTR10,23,12,10.833,1.0025
OND10_8_S24,OND10_8,PTR10,24,12,10.833,1.0007
OND10_9_S01,OND10_9,PTR10,1,1,10.833,1.0037
OND10_9_S02,OND10_9,PTR10,2,1,10.833,1.0037
OND10_9_S03,OND10_9,PTR10,3,2,10.833,1.021
OND10_9_S04,OND10_9,PTR10,4,2,10.833,1.0153
OND10_9_S05,OND10_9,PTR10,5,3,10.833,1.0018
OND10_9_S06,OND10_9,PTR10,6,3,10.833,1.0059
OND10_9_S07,OND10_9,PTR10,7,4,10.833,0.9764
OND10_9_S08,OND10_9,PTR10,8,4,10.833,1.0218
OND10_9_S09,OND10_9,PTR10,9,5,10.833,0.9826
OND10_9_S10,OND10_9,PTR10,10,5,10.833,1.0087
OND10_9_S11,OND10_9,PTR10,11,6,10.833,1.0082
OND10_9_S12,OND10_9,PTR10,12,6,10.833,1.0174
OND10_9_S13,OND10_9,PTR10,13,7,10.833,1.0154
OND10_9_S14,OND10_9,PTR10,14,7,10.833,0.9956
OND10_9_S15,OND10_9,PTR10,15,8,10.833,0.99
OND10_9_S16,OND10_9,PTR10,16,8,10.833,1.0131
OND10_9_S17,OND10_9,PTR10,17,9,10.833,1.0067
OND10_9_S18,OND10_9,PTR10,18,9,10.833,1.0165
OND10_9_S19,OND10_9,PTR10,19,10,10.833,0.9858
OND10_9_S20,OND10_9,PTR10,20,10,10.833,0.975
OND10_9_S21,OND10_9,PTR10,21,11,10.833,1.0031
OND10_9_S22,OND10_9,PTR10,22,11,10.833,1.0065
OND10_9_S23,OND10_9,PTR10,23,12,10.833,0.9899
OND10_9_S24,OND10_9,PTR10,24,12,10.833,0.9971
OND10_10_S01,OND10_10,PTR10,1,1,10.833,0.9908
OND10_10_S02,OND10_10,PTR10,2,1,10.833,1.0029
OND10_10_S03,OND10_10,PTR10,3,2,10.833,0.9802
OND10_10_S04,OND10_10,PTR10,4,2,10.833,0.9902
OND10_10_S05,OND10_10,PTR10,5,3,10.833,1.0076
OND10_10_S06,OND10_10,PTR10,6,3,10.833,0.9907
OND10_10_S07,OND10_10,PTR10,7,4,10.833,0.9937
OND10_10_S08,OND10_10,PTR10,8,4,10.833,0.9997
OND10_10_S09,OND10_10,PTR10,9,5,10.833,0.9851
OND10_10_S10,OND10_10,PTR10,10,5,10.833,0.9869
OND10_10_S11,OND10_10,PTR10,11,6,10.833,1.0172
OND10_10_S12,OND10_10,PTR10,12,6,10.833,1.0001
OND10_10_S13,OND10_10,PTR10,13,7,10.833,0.9947
OND10_10_S14,OND10_10,PTR10,14,7,10.833,0.9863
OND10_10_S15,OND10_10,PTR10,15,8,10.833,1.0053
OND10_10_S16,OND10_10,PTR10,16,8,10.833,1.029
OND10_10_S17,OND10_10,PTR10,17,9,10.833,0.997
OND10_10_S18,OND10_10,PTR10,18,9,10.833,1.0257
OND10_10_S19,OND10_10,PTR10,19,10,10.833,1.0065
OND10_10_S20,OND10_10,PTR10,20,10,10.833,1.0068
OND10_10_S21,OND10_10,PTR10,21,11,10.833,1.0185
OND10_10_S22,OND10_10,PTR10,22,11,10.833,0.9839
OND10_10_S23,OND10_10,PTR10,23,12,10.833,1.0088
OND10_10_S24,OND10_10,PTR10,24,12,10.833,1.0066
OND10_11_S01,OND10_11,PTR10,1,1,10.808,0.9896
OND10_11_S02,OND10_11,PTR10,2,1,10.808,0.9933
OND10_11_S03,OND10_11,PTR10,3,2,10.808,0.9997
OND10_11_S04,OND10_11,PTR10,4,2,10.808,0.9845
OND10_11_S05,OND10_11,PTR10,5,3,10.808,1.0151
OND10_11_S06,OND10_11,PTR10,6,3,10.808,1.0034
OND10_11_S07,OND10_11,PTR10,7,4,10.808,1.0067
OND10_11_S08,OND10_11,PTR10,8,4,10.808,0.9949
OND10_11_S09,OND10_11,PTR10,9,5,10.808,1.0191
OND10_11_S10,OND10_11,PTR10,10,5,10.808,0.9845
OND10_11_S11,OND10_11,PTR10,11,6,10.808,1.0158
OND10_11_S12,OND10_11,PTR10,12,6,10.808,1.0013
OND10_11_S13,OND10_11,PTR10,13,7,10.808,0.9975
OND10_11_S14,OND10_11,PTR10,14,7,10.808,0.9926
OND10_11_S15,OND10_11,PTR10,15,8,10.808,1.0232
OND10_11_S16,OND10_11,PTR10,16,8,10.808,1.0104
OND10_11_S17,OND10_11,PTR10,17,9,10.808,0.9936
OND10_11_S18,OND10_11,PTR10,18,9,10.808,1.0043
OND10_11_S19,OND10_11,PTR10,19,10,10.808,0.9727
OND10_11_S20,OND10_11,PTR10,20,10,10.808,0.9985
OND10_11_S21,OND10_11,PTR10,21,11,10.808,1.0119
OND10_11_S22,OND10_11,PTR10,22,11,10.808,1.0063
OND10_11_S23,OND10_11,PTR10,23,12,10.808,1.0008
OND10_11_S24,OND10_11,PTR10,24,12,10.808,1.0075
OND10_12_S01,OND10_12,PTR10,1,1,10.808,0.9955
OND10_12_S02,OND10_12,PTR10,2,1,10.808,1.0047
OND10_12_S03,OND10_12,PTR10,3,2,10.808,0.9923
OND10_12_S04,OND10_12,PTR10,4,2,10.808,0.9774
OND10_12_S05,OND10_12,PTR10,5,3,10.808,0.9795
OND10_12_S06,OND10_12,PTR10,6,3,10.808,0.9876
OND10_12_S07,OND10_12,PTR10,7,4,10.808,0.9989
OND10_12_S08,OND10_12,PTR10,8,4,10.808,0.9928
OND10_12_S09,OND10_12,PTR10,9,5,10.808,0.999
OND10_12_S10,OND10_12,PTR10,10,5,10.808,0.9936
OND10_12_S11,OND10_12,PTR10,11,6,10.808,0.9884
OND10_12_S12,OND10_12,PTR10,12,6,10.808,0.9978
OND10_12_S13,OND10_12,PTR10,13,7,10.808,0.9963
OND10_12_S14,OND10_12,PTR10,14,7,10.808,0.9747
OND10_12_S15,OND10_12,PTR10,15,8,10.808,1.0363
OND10_12_S16,OND10_12,PTR10,16,8,10.808,1.0008
OND10_12_S17,OND10_12,PTR10,17,9,10.808,1.0123
OND10_12_S18,OND10_12,PTR10,18,9,10.808,0.9877
OND10_12_S19,OND10_12,PTR10,19,10,10.808,1.0036
OND10_12_S20,OND10_12,PTR10,20,10,10.808,1.0185
OND10_12_S21,OND10_12,PTR10,21,11,10.808,1.0137
OND10_12_S22,OND10_12,PTR10,22,11,10.808,1.0035
OND10_12_S23,OND10_12,PTR10,23,12,10.808,0.9858
OND10_12_S24,OND10_12,PTR10,24,12,10.808,0.987
OND10_13_S01,OND10_13,PTR10,1,1,10.808,0.9922
OND10_13_S02,OND10_13,PTR10,2,1,10.808,0.96
OND10_13_S03,OND10_13,PTR10,3,2,10.808,1.0152
OND10_13_S04,OND10_13,PTR10,4,2,10.808,0.9813
OND10_13_S05,OND10_13,PTR10,5,3,10.808,0.9872
OND10_13_S06,OND10_13,PTR10,6,3,10.808,1.0009
OND10_13_S07,OND10_13,PTR10,7,4,10.808,1.0278
OND10_13_S08,OND10_13,PTR10,8,4,10.808,1.0135
OND10_13_S09,OND10_13,PTR10,9,5,10.808,0.9906
OND10_13_S10,OND10_13,PTR10,10,5,10.808,1.008
OND10_13_S11,OND10_13,PTR10,11,6,10.808,0.9951
OND10_13_S12,OND10_13,PTR10,12,6,10.808,0.9998
OND10_13_S13,OND10_13,PTR10,13,7,10.808,0.9964
OND10_13_S14,OND10_13,PTR10,14,7,10.808,0.9922
OND10_13_S15,OND10_13,PTR10,15,8,10.808,0.9897
OND10_13_S16,OND10_13,PTR10,16,8,10.808,0.987
OND10_13_S17,OND10_13,PTR10,17,9,10.808,1.0147
OND10_13_S18,OND10_13,PTR10,18,9,10.808,1.0253
OND10_13_S19,OND10_13,PTR10,19,10,10.808,1.0107
OND10_13_S20,OND10_13,PTR10,20,10,10.808,0.9796
OND10_13_S21,OND10_13,PTR10,21,11,10.808,0.9859
OND10_13_S22,OND10_13,PTR10,22,11,10.808,0.9834
OND10_13_S23,OND10_13,PTR10,23,12,10.808,0.9758
OND10_13_S24,OND10_13,PTR10,24,12,10.808,0.9977
OND10_14_S01,OND10_14,PTR10,1,1,10.808,0.9861
OND10_14_S02,OND10_14,PTR10,2,1,10.808,1.0289
OND10_14_S03,OND10_14,PTR10,3,2,10.808,0.9649
OND10_14_S04,OND10_14,PTR10,4,2,10.808,1.0267
OND10_14_S05,OND10_14,PTR10,5,3,10.808,1.0118
OND10_14_S06,OND10_14,PTR10,6,3,10.808,0.9961
OND10_14_S07,OND10_14,PTR10,7,4,10.808,0.9932
OND10_14_S08,OND10_14,PTR10,8,4,10.808,0.9929
OND10_14_S09,OND10_14,PTR10,9,5,10.808,0.9784
OND10_14_S10,OND10_14,PTR10,10,5,10.808,1.0132
OND10_14_S11,OND10_14,PTR10,11,6,10.808,1.034
OND10_14_S12,OND10_14,PTR10,12,6,10.808,0.9939
OND10_14_S13,OND10_14,PTR10,13,7,10.808,0.9902
OND10_14_S14,OND10_14,PTR10,14,7,10.808,1.03
OND10_14_S15,OND10_14,PTR10,15,8,10.808,0.9937
OND10_14_S16,OND10_14,PTR10,16,8,10.808,0.9901
OND10_14_S17,OND10_14,PTR10,17,9,10.808,1.0162
OND10_14_S18,OND10_14,PTR10,18,9,10.808,1.0052
OND10_14_S19,OND10_14,PTR10,19,10,10.808,0.9898
OND10_14_S20,OND10_14,PTR10,20,10,10.808,1.0021
OND10_14_S21,OND10_14,PTR10,21,11,10.808,1.0074
OND10_14_S22,OND10_14,PTR10,22,11,10.808,0.9846
OND10_14_S23,OND10_14,PTR10,23,12,10.808,0.993
OND10_14_S24,OND10_14,PTR10,24,12,10.808,0.9924
OND10_15_S01,OND10_15,PTR10,1,1,10.808,1.0034
OND10_15_S02,OND10_15,PTR10,2,1,10.808,0.9943
OND10_15_S03,OND10_15,PTR10,3,2,10.808,1.002
OND10_15_S04,OND10_15,PTR10,4,2,10.808,1.0265
OND10_15_S05,OND10_15,PTR10,5,3,10.808,0.9927
OND10_15_S06,OND10_15,PTR10,6,3,10.808,0.9884
OND10_15_S07,OND10_15,PTR10,7,4,10.808,0.9989
OND10_15_S08,OND10_15,PTR10,8,4,10.808,0.9843
OND10_15_S09,OND10_15,PTR10,9,5,10.808,0.9849
OND10_15_S10,OND10_15,PTR10,10,5,10.808,0.9958
OND10_15_S11,OND10_15,PTR10,11,6,10.808,0.9823
OND10_15_S12,OND10_15,PTR10,12,6,10.808,0.9971
OND10_15_S13,OND10_15,PTR10,13,7,10.808,1.0077
OND10_15_S14,OND10_15,PTR10,14,7,10.808,1.0048
OND10_15_S15,OND10_15,PTR10,15,8,10.808,0.9845
OND10_15_S16,OND10_15,PTR10,16,8,10.808,0.9813
OND10_15_S17,OND10_15,PTR10,17,9,10.808,1.0148
OND10_15_S18,OND10_15,PTR10,18,9,10.808,0.986
OND10_15_S19,OND10_15,PTR10,19,10,10.808,1.002
OND10_15_S20,OND10_15,PTR10,20,10,10.808,1.0027
OND10_15_S21,OND10_15,PTR10,21,11,10.808,0.9939
OND10_15_S22,OND10_15,PTR10,22,11,10.808,1.0005
OND10_15_S23,OND10_15,PTR10,23,12,10.808,0.9835
OND10_15_S24,OND10_15,PTR10,24,12,10.808,0.9765
OND10_16_S01,OND10_16,PTR10,1,1,10.808,1.0108
OND10_16_S02,OND10_16,PTR10,2,1,10.808,0.9992
OND10_16_S03,OND10_16,PTR10,3,2,10.808,0.9916
OND10_16_S04,OND10_16,PTR10,4,2,10.808,0.9962
OND10_16_S05,OND10_16,PTR10,5,3,10.808,0.9907
OND10_16_S06,OND10_16,PTR10,6,3,10.808,1.0054
OND10_16_S07,OND10_16,PTR10,7,4,10.808,0.9962
OND10_16_S08,OND10_16,PTR10,8,4,10.808,1.0302
OND10_16_S09,OND10_16,PTR10,9,5,10.808,0.9924
OND10_16_S10,OND10_16,PTR10,10,5,10.808,1.0197
OND10_16_S11,OND10_16,PTR10,11,6,10.808,0.9963
OND10_16_S12,OND10_16,PTR10,12,6,10.808,0.9964
OND10_16_S13,OND10_16,PTR10,13,7,10.808,1.0323
OND10_16_S14,OND10_16,PTR10,14,7,10.808,0.9896
OND10_16_S15,OND10_16,PTR10,15,8,10.808,1.0024
OND10_16_S16,OND10_16,PTR10,16,8,10.808,1.0228
OND10_16_S17,OND10_16,PTR10,17,9,10.808,0.9843
OND10_16_S18,OND10_16,PTR10,18,9,10.808,0.9998
OND10_16_S19,OND10_16,PTR10,19,10,10.808,0.9752
OND10_16_S20,OND10_16,PTR10,20,10,10.808,1.0148
OND10_16_S21,OND10_16,PTR10,21,11,10.808,0.9986
OND10_16_S22,OND10_16,PTR10,22,11,10.808,0.9933
OND10_16_S23,OND10_16,PTR10,23,12,10.808,1.0146
OND10_16_S24,OND10_16,PTR10,24,12,10.808,0.9877
